invoice_id,branch,city,customer_type,gender,product_line,unit_price,quantity,tax_5_pct,sales,date,time,payment,cogs,gross_margin_percentage,gross_income,rating
219-22-9386,Cairo,Mandalay,Member,Female,Sports And Travel,99.96,9,44.982,944.622,03-09-2019,17:26:00,Credit Card,899.64,4.761904762,44.982,4.2
148-41-7930,Giza,Naypyitaw,Normal,Male,Health And Beauty,99.96,7,34.986,734.706,23-01-2019,10:33:00,Cash,699.72,4.761904762,34.986,6.1
641-62-7288,Cairo,Mandalay,Normal,Male,Home And Lifestyle,99.92,6,29.976,629.496,24-03-2019,13:33:00,Ewallet,599.52,4.761904762,29.976,7.1
437-53-3084,Cairo,Mandalay,Normal,Male,Fashion Accessories,99.89,2,9.989,209.769,26-02-2019,11:48:00,Ewallet,199.78,4.761904762,9.989,7.1
667-92-0055,Alex,Yangon,Member,Male,Health And Beauty,99.83,6,29.949,628.929,03-04-2019,15:02:00,Ewallet,598.98,4.761904762,29.949,8.5
702-83-5291,Giza,Naypyitaw,Member,Male,Fashion Accessories,99.82,9,44.919,943.299,27-03-2019,10:43:00,Cash,898.38,4.761904762,44.919,6.6
446-47-6729,Giza,Naypyitaw,Normal,Male,Fashion Accessories,99.82,2,9.982,209.622,01-02-2019,18:09:00,Credit Card,199.64,4.761904762,9.982,6.7
471-41-2823,Giza,Naypyitaw,Normal,Male,Food And Beverages,99.79,2,9.979,209.559,03-07-2019,20:37:00,Ewallet,199.58,4.761904762,9.979,8
815-11-1168,Alex,Yangon,Member,Male,Food And Beverages,99.78,5,24.945,523.845,03-09-2019,19:09:00,Cash,498.9,4.761904762,24.945,5.4
817-69-8206,Cairo,Mandalay,Normal,Female,Electronic Accessories,99.73,9,44.8785,942.4485,03-02-2019,19:42:00,Credit Card,897.57,4.761904762,44.8785,6.5
477-24-6490,Cairo,Mandalay,Normal,Female,Health And Beauty,99.71,6,29.913,628.173,26-02-2019,16:52:00,Ewallet,598.26,4.761904762,29.913,7.9
420-04-7590,Cairo,Mandalay,Normal,Male,Home And Lifestyle,99.7,3,14.955,314.055,18-03-2019,11:29:00,Ewallet,299.1,4.761904762,14.955,4.7
868-52-7573,Cairo,Mandalay,Normal,Female,Food And Beverages,99.69,5,24.9225,523.3725,14-01-2019,12:09:00,Cash,498.45,4.761904762,24.9225,9.9
250-81-7186,Giza,Naypyitaw,Normal,Female,Electronic Accessories,99.69,1,4.9845,104.6745,27-02-2019,10:23:00,Credit Card,99.69,4.761904762,4.9845,8
459-45-2396,Alex,Yangon,Member,Female,Food And Beverages,99.6,3,14.94,313.74,25-02-2019,18:45:00,Cash,298.8,4.761904762,14.94,5.8
638-60-7125,Alex,Yangon,Member,Female,Electronic Accessories,99.56,8,39.824,836.304,14-02-2019,17:03:00,Credit Card,796.48,4.761904762,39.824,5.2
189-52-0236,Alex,Yangon,Normal,Male,Electronic Accessories,99.55,7,34.8425,731.6925,14-03-2019,12:07:00,Cash,696.85,4.761904762,34.8425,7.6
183-56-6882,Giza,Naypyitaw,Member,Female,Food And Beverages,99.42,4,19.884,417.564,02-06-2019,10:42:00,Ewallet,397.68,4.761904762,19.884,7.5
174-36-3675,Giza,Naypyitaw,Member,Male,Food And Beverages,99.37,2,9.937,208.677,14-02-2019,17:29:00,Cash,198.74,4.761904762,9.937,5.2
860-79-0874,Giza,Naypyitaw,Member,Female,Fashion Accessories,99.3,10,49.65,1042.65,15-02-2019,14:53:00,Credit Card,993,4.761904762,49.65,6.6
514-37-2845,Cairo,Mandalay,Normal,Male,Fashion Accessories,99.25,2,9.925,208.425,20-03-2019,13:02:00,Cash,198.5,4.761904762,9.925,9
751-69-0068,Giza,Naypyitaw,Normal,Male,Sports And Travel,99.24,9,44.658,937.818,19-03-2019,19:09:00,Ewallet,893.16,4.761904762,44.658,9
870-72-4431,Giza,Naypyitaw,Member,Female,Health And Beauty,99.19,6,29.757,624.897,21-01-2019,14:42:00,Credit Card,595.14,4.761904762,29.757,5.5
699-88-1972,Cairo,Mandalay,Normal,Male,Health And Beauty,99.16,8,39.664,832.944,28-01-2019,17:47:00,Credit Card,793.28,4.761904762,39.664,4.2
125-45-2293,Alex,Yangon,Normal,Female,Fashion Accessories,99.1,6,29.73,624.33,19-01-2019,13:11:00,Cash,594.6,4.761904762,29.73,4.2
687-47-8271,Alex,Yangon,Normal,Male,Fashion Accessories,98.98,10,49.49,1039.29,02-08-2019,16:20:00,Credit Card,989.8,4.761904762,49.49,8.7
277-35-5865,Giza,Naypyitaw,Member,Female,Food And Beverages,98.97,9,44.5365,935.2665,03-09-2019,11:23:00,Cash,890.73,4.761904762,44.5365,6.7
233-34-0817,Giza,Naypyitaw,Member,Female,Electronic Accessories,98.84,1,4.942,103.782,15-02-2019,11:21:00,Cash,98.84,4.761904762,4.942,8.4
714-02-3114,Giza,Naypyitaw,Normal,Female,Sports And Travel,98.8,2,9.88,207.48,21-02-2019,11:39:00,Cash,197.6,4.761904762,9.88,7.7
695-09-5146,Cairo,Mandalay,Member,Female,Food And Beverages,98.79,3,14.8185,311.1885,23-02-2019,20:00:00,Ewallet,296.37,4.761904762,14.8185,6.4
228-96-1411,Giza,Naypyitaw,Member,Female,Food And Beverages,98.7,8,39.48,829.08,03-04-2019,20:39:00,Cash,789.6,4.761904762,39.48,7.6
735-32-9839,Giza,Naypyitaw,Member,Male,Fashion Accessories,98.7,8,39.48,829.08,31-01-2019,10:36:00,Ewallet,789.6,4.761904762,39.48,8.5
384-59-6655,Alex,Yangon,Member,Female,Food And Beverages,98.66,9,44.397,932.337,19-02-2019,15:07:00,Cash,887.94,4.761904762,44.397,8.4
828-46-6863,Alex,Yangon,Member,Male,Food And Beverages,98.53,6,29.559,620.739,23-01-2019,11:22:00,Credit Card,591.18,4.761904762,29.559,4
283-26-5248,Giza,Naypyitaw,Member,Female,Food And Beverages,98.52,10,49.26,1034.46,30-01-2019,20:23:00,Ewallet,985.2,4.761904762,49.26,4.5
409-33-9708,Alex,Yangon,Normal,Female,Fashion Accessories,98.48,2,9.848,206.808,19-02-2019,10:12:00,Ewallet,196.96,4.761904762,9.848,9.2
253-12-6086,Alex,Yangon,Member,Female,Sports And Travel,98.4,7,34.44,723.24,03-12-2019,12:43:00,Credit Card,688.8,4.761904762,34.44,8.7
210-67-5886,Giza,Naypyitaw,Member,Female,Health And Beauty,98.21,3,14.7315,309.3615,02-05-2019,10:41:00,Credit Card,294.63,4.761904762,14.7315,7.8
401-18-8016,Cairo,Mandalay,Member,Female,Sports And Travel,98.13,1,4.9065,103.0365,21-01-2019,17:36:00,Cash,98.13,4.761904762,4.9065,8.9
827-77-7633,Alex,Yangon,Normal,Male,Sports And Travel,98.09,9,44.1405,926.9505,17-02-2019,19:41:00,Cash,882.81,4.761904762,44.1405,9.3
643-38-7867,Alex,Yangon,Normal,Male,Home And Lifestyle,97.94,1,4.897,102.837,03-07-2019,11:44:00,Ewallet,97.94,4.761904762,4.897,6.9
587-03-7455,Giza,Naypyitaw,Member,Female,Fashion Accessories,97.79,7,34.2265,718.7565,16-02-2019,17:30:00,Ewallet,684.53,4.761904762,34.2265,4.9
276-54-0879,Cairo,Mandalay,Normal,Male,Sports And Travel,97.74,4,19.548,410.508,03-12-2019,19:53:00,Ewallet,390.96,4.761904762,19.548,6.4
109-28-2512,Cairo,Mandalay,Member,Female,Fashion Accessories,97.61,6,29.283,614.943,01-07-2019,15:01:00,Ewallet,585.66,4.761904762,29.283,9.9
751-41-9720,Giza,Naypyitaw,Normal,Male,Home And Lifestyle,97.5,10,48.75,1023.75,01-12-2019,16:18:00,Ewallet,975,4.761904762,48.75,8
139-32-4183,Alex,Yangon,Member,Female,Sports And Travel,97.48,9,43.866,921.186,14-03-2019,14:19:00,Ewallet,877.32,4.761904762,43.866,7.4
303-96-2227,Cairo,Mandalay,Normal,Female,Home And Lifestyle,97.38,10,48.69,1022.49,03-02-2019,17:16:00,Ewallet,973.8,4.761904762,48.69,4.4
744-16-7898,Cairo,Mandalay,Normal,Female,Home And Lifestyle,97.37,10,48.685,1022.385,15-01-2019,13:48:00,Credit Card,973.7,4.761904762,48.685,4.9
652-43-6591,Alex,Yangon,Normal,Female,Fashion Accessories,97.29,8,38.916,817.236,03-09-2019,13:18:00,Credit Card,778.32,4.761904762,38.916,6.2
210-74-9613,Giza,Naypyitaw,Normal,Male,Fashion Accessories,97.26,4,19.452,408.492,16-03-2019,15:33:00,Ewallet,389.04,4.761904762,19.452,6.8
743-04-1105,Cairo,Mandalay,Member,Male,Health And Beauty,97.22,9,43.749,918.729,30-03-2019,14:43:00,Ewallet,874.98,4.761904762,43.749,6
271-88-8734,Giza,Naypyitaw,Member,Female,Fashion Accessories,97.21,10,48.605,1020.705,02-08-2019,13:00:00,Credit Card,972.1,4.761904762,48.605,8.7
594-34-4444,Alex,Yangon,Member,Female,Electronic Accessories,97.16,1,4.858,102.018,03-08-2019,20:38:00,Ewallet,97.16,4.761904762,4.858,7.2
416-13-5917,Giza,Naypyitaw,Normal,Female,Food And Beverages,97.03,5,24.2575,509.4075,30-01-2019,16:24:00,Ewallet,485.15,4.761904762,24.2575,9.3
595-86-2894,Giza,Naypyitaw,Member,Male,Fashion Accessories,96.98,4,19.396,407.316,02-06-2019,17:20:00,Ewallet,387.92,4.761904762,19.396,9.4
364-34-2972,Giza,Naypyitaw,Member,Male,Electronic Accessories,96.82,3,14.523,304.983,30-03-2019,20:37:00,Cash,290.46,4.761904762,14.523,6.7
585-11-6748,Cairo,Mandalay,Member,Male,Sports And Travel,96.8,3,14.52,304.92,15-03-2019,13:05:00,Cash,290.4,4.761904762,14.52,5.3
667-23-5919,Alex,Yangon,Member,Female,Fashion Accessories,96.7,5,24.175,507.675,14-01-2019,12:52:00,Ewallet,483.5,4.761904762,24.175,7
847-38-7188,Cairo,Mandalay,Member,Female,Food And Beverages,96.68,3,14.502,304.542,26-01-2019,19:56:00,Ewallet,290.04,4.761904762,14.502,6.4
595-11-5460,Alex,Yangon,Member,Female,Health And Beauty,96.58,2,9.658,202.818,15-03-2019,10:12:00,Credit Card,193.16,4.761904762,9.658,5.1
406-46-7107,Alex,Yangon,Normal,Female,Home And Lifestyle,96.52,6,28.956,608.076,01-11-2019,11:52:00,Cash,579.12,4.761904762,28.956,4.5
189-40-5216,Giza,Naypyitaw,Normal,Male,Electronic Accessories,96.37,7,33.7295,708.3195,01-09-2019,11:40:00,Cash,674.59,4.761904762,33.7295,6
869-11-3082,Cairo,Mandalay,Member,Male,Health And Beauty,96.16,4,19.232,403.872,27-01-2019,20:03:00,Credit Card,384.64,4.761904762,19.232,8.4
268-03-6164,Cairo,Mandalay,Normal,Male,Health And Beauty,96.11,1,4.8055,100.9155,25-01-2019,16:28:00,Ewallet,96.11,4.761904762,4.8055,7.8
160-22-2687,Alex,Yangon,Member,Female,Health And Beauty,95.95,5,23.9875,503.7375,23-01-2019,14:21:00,Ewallet,479.75,4.761904762,23.9875,8.8
711-31-1234,Cairo,Mandalay,Normal,Female,Electronic Accessories,95.64,4,19.128,401.688,16-03-2019,18:51:00,Cash,382.56,4.761904762,19.128,7.9
234-65-2137,Giza,Naypyitaw,Normal,Male,Home And Lifestyle,95.58,10,47.79,1003.59,16-01-2019,13:32:00,Cash,955.8,4.761904762,47.79,4.8
616-87-0016,Cairo,Mandalay,Normal,Male,Fashion Accessories,95.54,7,33.439,702.219,03-09-2019,14:36:00,Credit Card,668.78,4.761904762,33.439,9.6
707-32-7409,Cairo,Mandalay,Member,Female,Sports And Travel,95.54,4,19.108,401.268,26-02-2019,11:58:00,Ewallet,382.16,4.761904762,19.108,4.5
743-88-1662,Giza,Naypyitaw,Normal,Male,Sports And Travel,95.49,7,33.4215,701.8515,22-02-2019,18:17:00,Ewallet,668.43,4.761904762,33.4215,8.7
593-14-4239,Cairo,Mandalay,Normal,Female,Home And Lifestyle,95.46,8,38.184,801.864,03-05-2019,19:40:00,Ewallet,763.68,4.761904762,38.184,4.7
554-42-2417,Giza,Naypyitaw,Normal,Female,Sports And Travel,95.44,10,47.72,1002.12,01-09-2019,13:45:00,Cash,954.4,4.761904762,47.72,5.2
376-56-3573,Giza,Naypyitaw,Normal,Female,Fashion Accessories,95.42,4,19.084,400.764,02-02-2019,13:23:00,Ewallet,381.68,4.761904762,19.084,6.4
674-56-6360,Alex,Yangon,Normal,Male,Electronic Accessories,95.15,1,4.7575,99.9075,22-03-2019,14:00:00,Cash,95.15,4.761904762,4.7575,6
430-60-3493,Alex,Yangon,Member,Female,Home And Lifestyle,94.88,7,33.208,697.368,02-03-2019,14:38:00,Cash,664.16,4.761904762,33.208,4.2
549-03-9315,Cairo,Mandalay,Normal,Male,Fashion Accessories,94.87,8,37.948,796.908,02-12-2019,12:58:00,Ewallet,758.96,4.761904762,37.948,8.7
534-53-3526,Alex,Yangon,Normal,Female,Sports And Travel,94.76,4,18.952,397.992,02-11-2019,16:06:00,Ewallet,379.04,4.761904762,18.952,7.8
749-81-8133,Alex,Yangon,Normal,Female,Fashion Accessories,94.67,4,18.934,397.614,03-11-2019,12:04:00,Cash,378.68,4.761904762,18.934,6.8
319-74-2561,Alex,Yangon,Member,Female,Electronic Accessories,94.64,3,14.196,298.116,21-02-2019,16:55:00,Cash,283.92,4.761904762,14.196,5.5
670-79-6321,Cairo,Mandalay,Member,Female,Home And Lifestyle,94.59,7,33.1065,695.2365,17-01-2019,15:27:00,Credit Card,662.13,4.761904762,33.1065,4.9
305-14-0245,Cairo,Mandalay,Member,Female,Home And Lifestyle,94.49,8,37.796,793.716,03-03-2019,19:00:00,Ewallet,755.92,4.761904762,37.796,7.5
605-72-4132,Giza,Naypyitaw,Normal,Female,Food And Beverages,94.47,8,37.788,793.548,27-02-2019,15:12:00,Cash,755.76,4.761904762,37.788,9.1
719-76-3868,Giza,Naypyitaw,Member,Male,Food And Beverages,94.26,4,18.852,395.892,03-12-2019,16:30:00,Cash,377.04,4.761904762,18.852,8.6
871-79-8483,Cairo,Mandalay,Member,Female,Fashion Accessories,94.13,5,23.5325,494.1825,25-02-2019,19:39:00,Credit Card,470.65,4.761904762,23.5325,4.8
805-86-0265,Alex,Yangon,Normal,Male,Home And Lifestyle,93.96,9,42.282,887.922,20-03-2019,11:32:00,Cash,845.64,4.761904762,42.282,9.8
132-32-9879,Cairo,Mandalay,Member,Female,Electronic Accessories,93.96,4,18.792,394.632,03-09-2019,18:00:00,Cash,375.84,4.761904762,18.792,9.5
489-82-1237,Alex,Yangon,Normal,Female,Electronic Accessories,93.88,7,32.858,690.018,01-05-2019,11:51:00,Credit Card,657.16,4.761904762,32.858,7.3
376-02-8238,Cairo,Mandalay,Normal,Male,Home And Lifestyle,93.87,8,37.548,788.508,02-02-2019,18:42:00,Credit Card,750.96,4.761904762,37.548,8.3
804-38-3935,Alex,Yangon,Member,Male,Electronic Accessories,93.78,3,14.067,295.407,30-01-2019,11:32:00,Credit Card,281.34,4.761904762,14.067,5.9
299-46-1805,Cairo,Mandalay,Member,Female,Sports And Travel,93.72,6,28.116,590.436,15-01-2019,16:19:00,Cash,562.32,4.761904762,28.116,4.5
668-90-8900,Alex,Yangon,Member,Female,Home And Lifestyle,93.69,7,32.7915,688.6215,03-10-2019,18:44:00,Credit Card,655.83,4.761904762,32.7915,4.5
642-61-4706,Cairo,Mandalay,Member,Male,Food And Beverages,93.4,2,9.34,196.14,30-03-2019,16:34:00,Cash,186.8,4.761904762,9.34,5.5
423-57-2993,Cairo,Mandalay,Normal,Male,Sports And Travel,93.39,6,28.017,588.357,27-03-2019,19:18:00,Ewallet,560.34,4.761904762,28.017,10
875-31-8302,Cairo,Mandalay,Normal,Male,Sports And Travel,93.38,1,4.669,98.049,01-03-2019,13:07:00,Cash,93.38,4.761904762,4.669,9.6
282-35-2475,Cairo,Mandalay,Normal,Female,Sports And Travel,93.31,2,9.331,195.951,25-03-2019,17:53:00,Cash,186.62,4.761904762,9.331,6.3
677-11-0152,Giza,Naypyitaw,Normal,Female,Food And Beverages,93.26,9,41.967,881.307,16-01-2019,18:08:00,Cash,839.34,4.761904762,41.967,8.8
789-23-8625,Cairo,Mandalay,Member,Male,Fashion Accessories,93.22,3,13.983,293.643,24-01-2019,11:45:00,Cash,279.66,4.761904762,13.983,7.2
142-72-4741,Giza,Naypyitaw,Member,Male,Fashion Accessories,93.2,2,9.32,195.72,28-02-2019,18:37:00,Credit Card,186.4,4.761904762,9.32,6
618-34-8551,Alex,Yangon,Normal,Female,Sports And Travel,93.18,2,9.318,195.678,16-01-2019,18:41:00,Credit Card,186.36,4.761904762,9.318,8.5
645-78-8093,Alex,Yangon,Normal,Female,Sports And Travel,93.14,2,9.314,195.594,20-01-2019,18:09:00,Ewallet,186.28,4.761904762,9.314,4.1
453-33-6436,Alex,Yangon,Normal,Female,Home And Lifestyle,93.12,8,37.248,782.208,02-07-2019,10:09:00,Cash,744.96,4.761904762,37.248,6.8
339-18-7061,Giza,Naypyitaw,Member,Female,Fashion Accessories,92.98,2,9.298,195.258,13-02-2019,15:06:00,Credit Card,185.96,4.761904762,9.298,8
359-94-5395,Cairo,Mandalay,Normal,Male,Health And Beauty,92.78,1,4.639,97.419,15-03-2019,10:50:00,Credit Card,92.78,4.761904762,4.639,9.8
263-12-5321,Alex,Yangon,Member,Male,Electronic Accessories,92.6,7,32.41,680.61,27-02-2019,12:52:00,Credit Card,648.2,4.761904762,32.41,9.3
607-76-6216,Giza,Naypyitaw,Member,Female,Fashion Accessories,92.49,5,23.1225,485.5725,03-02-2019,16:35:00,Credit Card,462.45,4.761904762,23.1225,8.6
142-63-6033,Cairo,Mandalay,Normal,Male,Home And Lifestyle,92.36,5,23.09,484.89,20-03-2019,19:17:00,Ewallet,461.8,4.761904762,23.09,4.9
782-95-9291,Alex,Yangon,Member,Male,Food And Beverages,92.29,5,23.0725,484.5225,20-02-2019,15:55:00,Credit Card,461.45,4.761904762,23.0725,9
802-70-5316,Alex,Yangon,Member,Female,Sports And Travel,92.13,6,27.639,580.419,03-06-2019,20:34:00,Cash,552.78,4.761904762,27.639,8.3
131-70-8179,Alex,Yangon,Member,Female,Health And Beauty,92.09,3,13.8135,290.0835,17-02-2019,16:27:00,Cash,276.27,4.761904762,13.8135,4.2
256-58-3609,Giza,Naypyitaw,Member,Male,Fashion Accessories,91.98,1,4.599,96.579,18-03-2019,15:29:00,Cash,91.98,4.761904762,4.599,9.8
436-54-4512,Alex,Yangon,Member,Female,Food And Beverages,91.61,1,4.5805,96.1905,20-03-2019,19:44:00,Cash,91.61,4.761904762,4.5805,9.8
197-77-7132,Cairo,Mandalay,Member,Male,Electronic Accessories,91.56,8,36.624,769.104,01-12-2019,18:22:00,Ewallet,732.48,4.761904762,36.624,6
608-96-3517,Cairo,Mandalay,Member,Female,Fashion Accessories,91.54,4,18.308,384.468,23-03-2019,19:20:00,Credit Card,366.16,4.761904762,18.308,4.8
719-89-8991,Alex,Yangon,Member,Female,Sports And Travel,91.41,5,22.8525,479.9025,25-02-2019,16:03:00,Ewallet,457.05,4.761904762,22.8525,7.1
326-78-5178,Giza,Naypyitaw,Member,Female,Food And Beverages,91.4,7,31.99,671.79,02-03-2019,10:19:00,Cash,639.8,4.761904762,31.99,9.5
598-06-7312,Cairo,Mandalay,Member,Male,Fashion Accessories,91.35,1,4.5675,95.9175,16-02-2019,15:42:00,Cash,91.35,4.761904762,4.5675,6.8
528-14-9470,Alex,Yangon,Member,Male,Health And Beauty,91.3,1,4.565,95.865,14-02-2019,14:42:00,Ewallet,91.3,4.761904762,4.565,9.2
347-72-6115,Cairo,Mandalay,Member,Female,Sports And Travel,90.74,7,31.759,666.939,16-01-2019,18:03:00,Credit Card,635.18,4.761904762,31.759,6.2
466-61-5506,Cairo,Mandalay,Member,Female,Electronic Accessories,90.7,6,27.21,571.41,26-02-2019,10:52:00,Cash,544.2,4.761904762,27.21,5.3
325-77-6186,Alex,Yangon,Member,Female,Home And Lifestyle,90.65,10,45.325,951.825,03-08-2019,10:53:00,Ewallet,906.5,4.761904762,45.325,7.3
678-79-0726,Giza,Naypyitaw,Member,Female,Sports And Travel,90.63,9,40.7835,856.4535,18-01-2019,15:28:00,Cash,815.67,4.761904762,40.7835,5.1
361-59-0574,Cairo,Mandalay,Member,Male,Sports And Travel,90.53,8,36.212,760.452,15-03-2019,14:48:00,Credit Card,724.24,4.761904762,36.212,6.5
280-17-4359,Giza,Naypyitaw,Member,Male,Health And Beauty,90.5,10,45.25,950.25,25-01-2019,13:48:00,Cash,905,4.761904762,45.25,8.1
549-84-7482,Cairo,Mandalay,Member,Female,Sports And Travel,90.28,9,40.626,853.146,02-08-2019,11:15:00,Ewallet,812.52,4.761904762,40.626,7.2
862-59-8517,Giza,Naypyitaw,Normal,Female,Food And Beverages,90.24,6,27.072,568.512,27-01-2019,11:17:00,Cash,541.44,4.761904762,27.072,6.2
597-78-7908,Giza,Naypyitaw,Normal,Female,Fashion Accessories,90.22,3,13.533,284.193,18-02-2019,19:39:00,Cash,270.66,4.761904762,13.533,6.2
448-61-3783,Alex,Yangon,Normal,Female,Electronic Accessories,90.02,8,36.008,756.168,21-03-2019,16:08:00,Credit Card,720.16,4.761904762,36.008,4.5
731-81-9469,Giza,Naypyitaw,Member,Female,Sports And Travel,89.8,10,44.9,942.9,23-01-2019,13:00:00,Credit Card,898,4.761904762,44.9,5.4
512-91-0811,Giza,Naypyitaw,Member,Female,Health And Beauty,89.75,1,4.4875,94.2375,02-06-2019,20:05:00,Credit Card,89.75,4.761904762,4.4875,6.6
478-06-7835,Alex,Yangon,Normal,Male,Fashion Accessories,89.69,1,4.4845,94.1745,01-11-2019,11:20:00,Ewallet,89.69,4.761904762,4.4845,4.9
635-40-6220,Alex,Yangon,Member,Female,Health And Beauty,89.6,8,35.84,752.64,02-07-2019,11:28:00,Ewallet,716.8,4.761904762,35.84,6.6
393-65-2792,Giza,Naypyitaw,Member,Female,Food And Beverages,89.48,10,44.74,939.54,01-06-2019,12:46:00,Credit Card,894.8,4.761904762,44.74,9.6
361-85-2571,Alex,Yangon,Normal,Female,Sports And Travel,89.48,5,22.37,469.77,30-03-2019,10:18:00,Cash,447.4,4.761904762,22.37,7.4
725-96-3778,Giza,Naypyitaw,Member,Female,Home And Lifestyle,89.25,8,35.7,749.7,20-01-2019,10:13:00,Cash,714,4.761904762,35.7,4.7
138-17-5109,Alex,Yangon,Member,Female,Home And Lifestyle,89.21,9,40.1445,843.0345,15-01-2019,15:42:00,Credit Card,802.89,4.761904762,40.1445,6.5
866-99-7614,Giza,Naypyitaw,Normal,Male,Food And Beverages,89.2,10,44.6,936.6,02-11-2019,15:42:00,Credit Card,892,4.761904762,44.6,4.4
889-04-9723,Cairo,Mandalay,Member,Female,Food And Beverages,89.14,4,17.828,374.388,01-07-2019,12:20:00,Credit Card,356.56,4.761904762,17.828,7.8
166-19-2553,Alex,Yangon,Member,Male,Sports And Travel,89.06,6,26.718,561.078,18-01-2019,17:26:00,Cash,534.36,4.761904762,26.718,9.9
803-17-8013,Alex,Yangon,Member,Female,Home And Lifestyle,88.79,8,35.516,745.836,17-02-2019,17:09:00,Cash,710.32,4.761904762,35.516,4.1
704-48-3927,Alex,Yangon,Member,Female,Electronic Accessories,88.67,10,44.335,931.035,01-12-2019,14:50:00,Ewallet,886.7,4.761904762,44.335,7.3
549-59-1358,Alex,Yangon,Member,Female,Sports And Travel,88.63,3,13.2945,279.1845,03-02-2019,17:36:00,Ewallet,265.89,4.761904762,13.2945,6
779-06-0012,Giza,Naypyitaw,Member,Female,Home And Lifestyle,88.61,1,4.4305,93.0405,19-01-2019,10:21:00,Cash,88.61,4.761904762,4.4305,7.7
155-45-3814,Giza,Naypyitaw,Member,Female,Electronic Accessories,88.55,8,35.42,743.82,19-03-2019,15:29:00,Ewallet,708.4,4.761904762,35.42,4.7
511-54-3087,Cairo,Mandalay,Normal,Male,Sports And Travel,88.45,1,4.4225,92.8725,25-02-2019,16:36:00,Credit Card,88.45,4.761904762,4.4225,9.5
394-30-3170,Cairo,Mandalay,Member,Female,Sports And Travel,88.43,8,35.372,742.812,22-03-2019,19:35:00,Credit Card,707.44,4.761904762,35.372,4.3
640-48-5028,Cairo,Mandalay,Member,Female,Home And Lifestyle,88.39,9,39.7755,835.2855,03-02-2019,12:40:00,Cash,795.51,4.761904762,39.7755,6.3
145-94-9061,Cairo,Mandalay,Member,Female,Food And Beverages,88.36,5,22.09,463.89,25-01-2019,19:48:00,Cash,441.8,4.761904762,22.09,9.6
849-09-3807,Alex,Yangon,Member,Female,Fashion Accessories,88.34,7,30.919,649.299,18-02-2019,13:28:00,Cash,618.38,4.761904762,30.919,6.6
321-49-7382,Cairo,Mandalay,Member,Male,Sports And Travel,88.31,1,4.4155,92.7255,15-02-2019,17:38:00,Credit Card,88.31,4.761904762,4.4155,5.2
431-66-2305,Cairo,Mandalay,Normal,Female,Electronic Accessories,88.25,9,39.7125,833.9625,15-02-2019,20:51:00,Credit Card,794.25,4.761904762,39.7125,7.6
562-12-5430,Alex,Yangon,Member,Female,Fashion Accessories,88.15,3,13.2225,277.6725,18-01-2019,10:11:00,Ewallet,264.45,4.761904762,13.2225,7.9
371-85-5789,Cairo,Mandalay,Member,Female,Health And Beauty,87.98,3,13.197,277.137,03-05-2019,10:40:00,Ewallet,263.94,4.761904762,13.197,5.1
840-19-2096,Giza,Naypyitaw,Member,Male,Electronic Accessories,87.91,5,21.9775,461.5275,14-03-2019,18:10:00,Ewallet,439.55,4.761904762,21.9775,4.4
325-89-4209,Alex,Yangon,Member,Male,Food And Beverages,87.9,1,4.395,92.295,02-05-2019,19:42:00,Ewallet,87.9,4.761904762,4.395,6.7
766-85-7061,Cairo,Mandalay,Member,Female,Health And Beauty,87.87,10,43.935,922.635,29-03-2019,10:25:00,Ewallet,878.7,4.761904762,43.935,5.1
457-94-0464,Cairo,Mandalay,Member,Male,Electronic Accessories,87.87,9,39.5415,830.3715,31-01-2019,20:32:00,Ewallet,790.83,4.761904762,39.5415,5.6
286-43-6208,Giza,Naypyitaw,Normal,Female,Food And Beverages,87.8,9,39.51,829.71,16-03-2019,19:08:00,Cash,790.2,4.761904762,39.51,9.2
189-17-4241,Alex,Yangon,Member,Female,Fashion Accessories,87.67,2,8.767,184.107,03-10-2019,12:17:00,Credit Card,175.34,4.761904762,8.767,7.7
358-88-9262,Giza,Naypyitaw,Member,Female,Food And Beverages,87.48,6,26.244,551.124,02-01-2019,18:43:00,Ewallet,524.88,4.761904762,26.244,5.1
590-83-4591,Cairo,Mandalay,Member,Female,Electronic Accessories,87.45,6,26.235,550.935,17-02-2019,14:40:00,Credit Card,524.7,4.761904762,26.235,8.8
800-09-8606,Alex,Yangon,Member,Female,Home And Lifestyle,87.37,5,21.8425,458.6925,29-01-2019,19:45:00,Cash,436.85,4.761904762,21.8425,6.6
746-68-6593,Giza,Naypyitaw,Member,Female,Sports And Travel,87.16,2,8.716,183.036,01-11-2019,14:29:00,Credit Card,174.32,4.761904762,8.716,9.7
641-51-2661,Giza,Naypyitaw,Member,Female,Food And Beverages,87.1,10,43.55,914.55,02-12-2019,14:45:00,Credit Card,871,4.761904762,43.55,9.9
452-04-8808,Cairo,Mandalay,Normal,Male,Electronic Accessories,87.08,7,30.478,640.038,26-01-2019,15:17:00,Cash,609.56,4.761904762,30.478,5.5
342-65-4817,Giza,Naypyitaw,Member,Male,Health And Beauty,86.8,3,13.02,273.42,28-01-2019,16:47:00,Ewallet,260.4,4.761904762,13.02,9.9
280-35-5823,Cairo,Mandalay,Member,Female,Home And Lifestyle,86.72,1,4.336,91.056,17-01-2019,18:45:00,Ewallet,86.72,4.761904762,4.336,7.9
401-09-4232,Giza,Naypyitaw,Member,Male,Home And Lifestyle,86.69,5,21.6725,455.1225,02-11-2019,18:38:00,Ewallet,433.45,4.761904762,21.6725,9.4
435-13-4908,Alex,Yangon,Member,Male,Fashion Accessories,86.68,8,34.672,728.112,24-01-2019,18:04:00,Credit Card,693.44,4.761904762,34.672,7.2
373-73-7910,Alex,Yangon,Member,Female,Sports And Travel,86.31,7,30.2085,634.3785,02-08-2019,10:37:00,Ewallet,604.17,4.761904762,30.2085,5.3
848-95-6252,Giza,Naypyitaw,Member,Female,Home And Lifestyle,86.27,1,4.3135,90.5835,20-02-2019,13:24:00,Ewallet,86.27,4.761904762,4.3135,7
744-82-9138,Giza,Naypyitaw,Normal,Male,Fashion Accessories,86.13,2,8.613,180.873,02-07-2019,17:59:00,Cash,172.26,4.761904762,8.613,8.2
300-71-4605,Giza,Naypyitaw,Member,Female,Electronic Accessories,86.04,5,21.51,451.71,25-02-2019,11:24:00,Ewallet,430.2,4.761904762,21.51,4.8
399-46-5918,Giza,Naypyitaw,Member,Female,Electronic Accessories,85.98,8,34.392,722.232,28-02-2019,19:01:00,Cash,687.84,4.761904762,34.392,8.2
550-84-8664,Alex,Yangon,Normal,Male,Sports And Travel,85.91,5,21.4775,451.0275,22-03-2019,14:33:00,Credit Card,429.55,4.761904762,21.4775,8.6
759-98-4285,Giza,Naypyitaw,Member,Female,Health And Beauty,85.87,7,30.0545,631.1445,27-02-2019,19:01:00,Credit Card,601.09,4.761904762,30.0545,8
235-06-8510,Giza,Naypyitaw,Member,Male,Home And Lifestyle,85.72,3,12.858,270.018,24-01-2019,20:59:00,Ewallet,257.16,4.761904762,12.858,5.1
725-54-0677,Giza,Naypyitaw,Member,Male,Health And Beauty,85.6,7,29.96,629.16,03-02-2019,13:50:00,Cash,599.2,4.761904762,29.96,5.3
699-14-3026,Giza,Naypyitaw,Member,Female,Electronic Accessories,85.39,7,29.8865,627.6165,25-03-2019,18:30:00,Ewallet,597.73,4.761904762,29.8865,4.1
288-38-3758,Giza,Naypyitaw,Member,Female,Fashion Accessories,84.87,3,12.7305,267.3405,25-01-2019,18:30:00,Ewallet,254.61,4.761904762,12.7305,7.4
451-73-2711,Giza,Naypyitaw,Normal,Male,Food And Beverages,84.83,1,4.2415,89.0715,14-01-2019,15:20:00,Ewallet,84.83,4.761904762,4.2415,8.8
746-04-1077,Cairo,Mandalay,Member,Female,Food And Beverages,84.63,10,42.315,888.615,01-01-2019,11:36:00,Credit Card,846.3,4.761904762,42.315,9
450-42-3339,Giza,Naypyitaw,Normal,Male,Health And Beauty,84.61,10,42.305,888.405,02-09-2019,18:58:00,Credit Card,846.1,4.761904762,42.305,8.8
859-97-6048,Giza,Naypyitaw,Member,Male,Electronic Accessories,84.25,2,8.425,176.925,26-03-2019,14:13:00,Credit Card,168.5,4.761904762,8.425,5.3
418-02-5978,Cairo,Mandalay,Normal,Female,Health And Beauty,84.09,9,37.8405,794.6505,02-11-2019,10:54:00,Cash,756.81,4.761904762,37.8405,8
598-47-9715,Giza,Naypyitaw,Normal,Male,Electronic Accessories,84.07,4,16.814,353.094,03-07-2019,16:54:00,Ewallet,336.28,4.761904762,16.814,4.4
862-17-9201,Cairo,Mandalay,Normal,Female,Food And Beverages,84.05,6,25.215,529.515,29-01-2019,10:48:00,Credit Card,504.3,4.761904762,25.215,7.7
740-22-2500,Giza,Naypyitaw,Normal,Female,Electronic Accessories,84.05,3,12.6075,264.7575,23-01-2019,13:29:00,Cash,252.15,4.761904762,12.6075,9.8
640-49-2076,Cairo,Mandalay,Member,Female,Sports And Travel,83.78,8,33.512,703.752,01-10-2019,14:49:00,Cash,670.24,4.761904762,33.512,5.1
767-05-1286,Giza,Naypyitaw,Member,Female,Home And Lifestyle,83.77,6,25.131,527.751,23-01-2019,12:10:00,Ewallet,502.62,4.761904762,25.131,5.4
589-02-8023,Alex,Yangon,Member,Male,Food And Beverages,83.77,2,8.377,175.917,15-01-2019,10:54:00,Credit Card,167.54,4.761904762,8.377,7
242-11-3142,Cairo,Mandalay,Member,Male,Fashion Accessories,83.77,2,8.377,175.917,24-02-2019,19:57:00,Cash,167.54,4.761904762,8.377,4.6
389-70-2397,Giza,Naypyitaw,Normal,Female,Health And Beauty,83.66,5,20.915,439.215,21-02-2019,10:26:00,Cash,418.3,4.761904762,20.915,7.2
756-93-1854,Giza,Naypyitaw,Member,Female,Fashion Accessories,83.35,2,8.335,175.035,02-02-2019,14:05:00,Credit Card,166.7,4.761904762,8.335,9.5
548-48-3156,Alex,Yangon,Member,Female,Food And Beverages,83.34,2,8.334,175.014,19-03-2019,13:37:00,Cash,166.68,4.761904762,8.334,7.6
852-62-7105,Cairo,Mandalay,Normal,Female,Fashion Accessories,83.25,10,41.625,874.125,01-12-2019,11:25:00,Credit Card,832.5,4.761904762,41.625,4.4
746-94-0204,Alex,Yangon,Normal,Male,Fashion Accessories,83.24,9,37.458,786.618,29-01-2019,11:56:00,Credit Card,749.16,4.761904762,37.458,7.4
451-28-5717,Giza,Naypyitaw,Member,Female,Home And Lifestyle,83.17,6,24.951,523.971,20-03-2019,11:23:00,Cash,499.02,4.761904762,24.951,7.3
887-42-0517,Giza,Naypyitaw,Normal,Female,Sports And Travel,83.14,7,29.099,611.079,01-10-2019,10:31:00,Credit Card,581.98,4.761904762,29.099,6.6
219-61-4139,Giza,Naypyitaw,Normal,Male,Electronic Accessories,83.08,1,4.154,87.234,23-01-2019,17:16:00,Ewallet,83.08,4.761904762,4.154,6.4
730-50-9884,Giza,Naypyitaw,Member,Female,Sports And Travel,83.06,7,29.071,610.491,03-05-2019,14:31:00,Ewallet,581.42,4.761904762,29.071,4
257-73-1380,Giza,Naypyitaw,Member,Male,Sports And Travel,82.93,4,16.586,348.306,20-01-2019,16:51:00,Ewallet,331.72,4.761904762,16.586,9.6
851-98-3555,Cairo,Mandalay,Normal,Female,Health And Beauty,82.88,5,20.72,435.12,24-03-2019,14:08:00,Credit Card,414.4,4.761904762,20.72,6.6
733-01-9107,Cairo,Mandalay,Member,Female,Home And Lifestyle,82.7,6,24.81,521.01,03-05-2019,18:14:00,Cash,496.2,4.761904762,24.81,7.4
574-22-5561,Giza,Naypyitaw,Member,Female,Fashion Accessories,82.63,10,41.315,867.615,19-03-2019,17:08:00,Ewallet,826.3,4.761904762,41.315,7.9
628-90-8624,Cairo,Mandalay,Member,Male,Health And Beauty,82.58,10,41.29,867.09,14-03-2019,14:41:00,Cash,825.8,4.761904762,41.29,5
267-62-7380,Giza,Naypyitaw,Member,Male,Electronic Accessories,82.34,10,41.17,864.57,29-03-2019,19:12:00,Ewallet,823.4,4.761904762,41.17,4.3
289-15-7034,Alex,Yangon,Member,Male,Sports And Travel,82.33,4,16.466,345.786,01-11-2019,10:37:00,Credit Card,329.32,4.761904762,16.466,7.5
834-83-1826,Cairo,Mandalay,Member,Female,Home And Lifestyle,82.04,5,20.51,430.71,25-02-2019,17:16:00,Credit Card,410.2,4.761904762,20.51,7.6
861-77-0145,Giza,Naypyitaw,Member,Female,Electronic Accessories,81.97,10,40.985,860.685,03-03-2019,14:30:00,Cash,819.7,4.761904762,40.985,9.2
607-65-2441,Giza,Naypyitaw,Member,Male,Health And Beauty,81.95,10,40.975,860.475,03-10-2019,12:39:00,Credit Card,819.5,4.761904762,40.975,6
848-42-2560,Alex,Yangon,Normal,Female,Fashion Accessories,81.91,2,8.191,172.011,03-05-2019,17:43:00,Cash,163.82,4.761904762,8.191,7.8
534-01-4457,Alex,Yangon,Normal,Male,Food And Beverages,81.71,6,24.513,514.773,27-01-2019,14:36:00,Credit Card,490.26,4.761904762,24.513,8
834-25-9262,Giza,Naypyitaw,Normal,Female,Fashion Accessories,81.68,4,16.336,343.056,01-06-2019,12:12:00,Cash,326.72,4.761904762,16.336,9.1
186-09-3669,Giza,Naypyitaw,Member,Female,Health And Beauty,81.51,1,4.0755,85.5855,22-01-2019,10:57:00,Ewallet,81.51,4.761904762,4.0755,9.2
866-05-7563,Cairo,Mandalay,Member,Female,Electronic Accessories,81.4,3,12.21,256.41,02-09-2019,19:43:00,Cash,244.2,4.761904762,12.21,4.8
289-65-5721,Cairo,Mandalay,Normal,Female,Fashion Accessories,81.37,2,8.137,170.877,26-01-2019,19:28:00,Cash,162.74,4.761904762,8.137,6.5
339-96-8318,Cairo,Mandalay,Member,Male,Fashion Accessories,81.31,7,28.4585,597.6285,03-01-2019,19:49:00,Ewallet,569.17,4.761904762,28.4585,6.3
483-71-1164,Giza,Naypyitaw,Normal,Female,Health And Beauty,81.3,6,24.39,512.19,03-08-2019,16:43:00,Ewallet,487.8,4.761904762,24.39,5.3
314-23-4520,Giza,Naypyitaw,Member,Male,Health And Beauty,81.23,7,28.4305,597.0405,15-01-2019,20:44:00,Cash,568.61,4.761904762,28.4305,9
698-98-5964,Alex,Yangon,Normal,Female,Food And Beverages,81.21,10,40.605,852.705,17-01-2019,13:01:00,Credit Card,812.1,4.761904762,40.605,6.3
386-27-7606,Giza,Naypyitaw,Member,Female,Home And Lifestyle,81.2,7,28.42,596.82,23-03-2019,15:59:00,Credit Card,568.4,4.761904762,28.42,8.1
195-06-0432,Alex,Yangon,Member,Male,Home And Lifestyle,81.01,3,12.1515,255.1815,13-01-2019,12:55:00,Credit Card,243.03,4.761904762,12.1515,9.3
400-89-4171,Giza,Naypyitaw,Normal,Female,Sports And Travel,80.97,8,32.388,680.148,28-01-2019,13:05:00,Cash,647.76,4.761904762,32.388,9.3
612-36-5536,Alex,Yangon,Member,Male,Food And Beverages,80.96,8,32.384,680.064,17-02-2019,11:12:00,Credit Card,647.68,4.761904762,32.384,7.4
284-54-4231,Giza,Naypyitaw,Member,Male,Sports And Travel,80.93,1,4.0465,84.9765,19-01-2019,16:08:00,Credit Card,80.93,4.761904762,4.0465,9
237-01-6122,Giza,Naypyitaw,Member,Female,Home And Lifestyle,80.79,9,36.3555,763.4655,02-01-2019,20:31:00,Credit Card,727.11,4.761904762,36.3555,9.5
786-94-2700,Alex,Yangon,Member,Male,Food And Beverages,80.62,6,24.186,507.906,28-02-2019,20:18:00,Cash,483.72,4.761904762,24.186,9.1
541-89-9860,Giza,Naypyitaw,Member,Female,Fashion Accessories,80.48,3,12.072,253.512,15-02-2019,12:31:00,Cash,241.44,4.761904762,12.072,8.1
729-06-2010,Cairo,Mandalay,Member,Male,Health And Beauty,80.47,9,36.2115,760.4415,01-06-2019,11:18:00,Cash,724.23,4.761904762,36.2115,9.2
787-56-0757,Giza,Naypyitaw,Member,Female,Food And Beverages,80.36,4,16.072,337.512,23-02-2019,18:45:00,Credit Card,321.44,4.761904762,16.072,8.3
531-56-4728,Alex,Yangon,Normal,Male,Home And Lifestyle,80.08,3,12.012,252.252,02-11-2019,15:29:00,Cash,240.24,4.761904762,12.012,5.4
316-55-4634,Cairo,Mandalay,Member,Male,Food And Beverages,80.05,5,20.0125,420.2625,26-01-2019,12:45:00,Credit Card,400.25,4.761904762,20.0125,9.4
532-59-7201,Cairo,Mandalay,Member,Male,Sports And Travel,79.93,6,23.979,503.559,31-01-2019,14:04:00,Cash,479.58,4.761904762,23.979,5.5
182-88-2763,Cairo,Mandalay,Member,Male,Food And Beverages,79.91,3,11.9865,251.7165,20-03-2019,19:28:00,Credit Card,239.73,4.761904762,11.9865,5
241-11-2261,Cairo,Mandalay,Normal,Female,Fashion Accessories,79.86,7,27.951,586.971,01-10-2019,10:33:00,Credit Card,559.02,4.761904762,27.951,5.5
885-17-6250,Alex,Yangon,Normal,Female,Health And Beauty,79.74,1,3.987,83.727,03-06-2019,10:36:00,Ewallet,79.74,4.761904762,3.987,7.3
124-31-1458,Alex,Yangon,Member,Female,Electronic Accessories,79.59,3,11.9385,250.7085,01-08-2019,14:30:00,Cash,238.77,4.761904762,11.9385,6.6
186-71-5196,Alex,Yangon,Member,Female,Food And Beverages,79.54,2,7.954,167.034,27-03-2019,16:30:00,Ewallet,159.08,4.761904762,7.954,6.2
533-33-5337,Cairo,Mandalay,Normal,Male,Electronic Accessories,79.39,10,39.695,833.595,02-07-2019,20:24:00,Cash,793.9,4.761904762,39.695,6.2
433-08-7822,Giza,Naypyitaw,Normal,Female,Health And Beauty,78.89,7,27.6115,579.8415,01-05-2019,19:48:00,Ewallet,552.23,4.761904762,27.6115,7.5
135-13-8269,Cairo,Mandalay,Member,Female,Food And Beverages,78.88,2,7.888,165.648,26-01-2019,16:04:00,Cash,157.76,4.761904762,7.888,9.1
232-11-3025,Alex,Yangon,Member,Female,Sports And Travel,78.77,10,39.385,827.085,24-01-2019,10:04:00,Cash,787.7,4.761904762,39.385,6.4
189-98-2939,Giza,Naypyitaw,Member,Female,Fashion Accessories,78.55,9,35.3475,742.2975,03-01-2019,13:22:00,Cash,706.95,4.761904762,35.3475,7.2
744-02-5987,Alex,Yangon,Member,Male,Home And Lifestyle,78.38,6,23.514,493.794,01-10-2019,14:16:00,Ewallet,470.28,4.761904762,23.514,5.8
118-62-1812,Giza,Naypyitaw,Member,Female,Home And Lifestyle,78.38,4,15.676,329.196,24-03-2019,17:56:00,Cash,313.52,4.761904762,15.676,7.9
829-49-1914,Giza,Naypyitaw,Member,Female,Food And Beverages,78.31,10,39.155,822.255,03-05-2019,16:24:00,Ewallet,783.1,4.761904762,39.155,6.6
655-07-2265,Alex,Yangon,Normal,Male,Electronic Accessories,78.31,3,11.7465,246.6765,03-05-2019,16:38:00,Ewallet,234.93,4.761904762,11.7465,5.4
227-07-4446,Giza,Naypyitaw,Member,Female,Electronic Accessories,78.13,10,39.065,820.365,02-10-2019,20:51:00,Cash,781.3,4.761904762,39.065,4.4
149-71-6266,Cairo,Mandalay,Member,Female,Sports And Travel,78.07,9,35.1315,737.7615,28-01-2019,12:43:00,Cash,702.63,4.761904762,35.1315,4.5
239-10-7476,Alex,Yangon,Normal,Female,Home And Lifestyle,77.95,6,23.385,491.085,21-01-2019,16:37:00,Ewallet,467.7,4.761904762,23.385,8
135-84-8019,Alex,Yangon,Normal,Female,Fashion Accessories,77.93,9,35.0685,736.4385,27-02-2019,16:10:00,Ewallet,701.37,4.761904762,35.0685,7.6
799-71-1548,Alex,Yangon,Member,Male,Electronic Accessories,77.72,4,15.544,326.424,01-07-2019,16:11:00,Credit Card,310.88,4.761904762,15.544,8.8
627-95-3243,Cairo,Mandalay,Member,Female,Home And Lifestyle,77.68,9,34.956,734.076,02-04-2019,13:21:00,Ewallet,699.12,4.761904762,34.956,9.8
443-82-0585,Alex,Yangon,Member,Female,Health And Beauty,77.68,4,15.536,326.256,02-01-2019,19:54:00,Cash,310.72,4.761904762,15.536,8.4
183-21-3799,Giza,Naypyitaw,Normal,Female,Electronic Accessories,77.63,9,34.9335,733.6035,19-02-2019,15:14:00,Ewallet,698.67,4.761904762,34.9335,7.2
373-09-4567,Giza,Naypyitaw,Normal,Male,Food And Beverages,77.56,10,38.78,814.38,14-03-2019,20:35:00,Ewallet,775.6,4.761904762,38.78,6.9
726-27-2396,Alex,Yangon,Normal,Female,Health And Beauty,77.5,5,19.375,406.875,24-01-2019,20:36:00,Ewallet,387.5,4.761904762,19.375,4.3
220-68-6701,Alex,Yangon,Normal,Female,Home And Lifestyle,77.47,4,15.494,325.374,17-03-2019,16:36:00,Cash,309.88,4.761904762,15.494,4.2
710-46-4433,Cairo,Mandalay,Member,Female,Food And Beverages,77.4,9,34.83,731.43,15-02-2019,14:15:00,Credit Card,696.6,4.761904762,34.83,4.5
842-40-8179,Cairo,Mandalay,Member,Female,Food And Beverages,77.2,10,38.6,810.6,02-11-2019,10:38:00,Credit Card,772,4.761904762,38.6,5.6
284-34-9626,Cairo,Mandalay,Normal,Female,Home And Lifestyle,77.04,3,11.556,242.676,02-11-2019,10:39:00,Credit Card,231.12,4.761904762,11.556,7.2
566-71-1091,Alex,Yangon,Normal,Male,Fashion Accessories,77.02,5,19.255,404.355,02-03-2019,15:59:00,Cash,385.1,4.761904762,19.255,5.5
318-68-5053,Cairo,Mandalay,Member,Female,Health And Beauty,76.99,6,23.097,485.037,27-02-2019,17:55:00,Cash,461.94,4.761904762,23.097,6.1
880-46-5796,Alex,Yangon,Member,Male,Sports And Travel,76.92,10,38.46,807.66,17-03-2019,19:53:00,Ewallet,769.2,4.761904762,38.46,5.6
873-95-4984,Cairo,Mandalay,Member,Female,Health And Beauty,76.9,7,26.915,565.215,15-02-2019,20:21:00,Cash,538.3,4.761904762,26.915,7.7
563-36-9814,Alex,Yangon,Member,Male,Electronic Accessories,76.82,1,3.841,80.661,13-02-2019,18:27:00,Ewallet,76.82,4.761904762,3.841,7.2
602-16-6955,Cairo,Mandalay,Normal,Female,Sports And Travel,76.6,10,38.3,804.3,24-01-2019,18:10:00,Ewallet,766,4.761904762,38.3,6
362-58-8315,Giza,Naypyitaw,Member,Female,Fashion Accessories,76.52,5,19.13,401.73,25-03-2019,10:23:00,Cash,382.6,4.761904762,19.13,9.9
898-04-2717,Alex,Yangon,Normal,Male,Fashion Accessories,76.4,9,34.38,721.98,19-03-2019,15:49:00,Ewallet,687.6,4.761904762,34.38,7.5
423-80-0988,Giza,Naypyitaw,Normal,Male,Sports And Travel,76.4,2,7.64,160.44,30-01-2019,19:42:00,Ewallet,152.8,4.761904762,7.64,6.5
801-88-0346,Giza,Naypyitaw,Normal,Female,Fashion Accessories,76.06,3,11.409,239.589,01-05-2019,20:30:00,Credit Card,228.18,4.761904762,11.409,9.8
632-32-4574,Cairo,Mandalay,Normal,Male,Sports And Travel,75.92,8,30.368,637.728,20-03-2019,14:14:00,Cash,607.36,4.761904762,30.368,5.5
841-35-6630,Giza,Naypyitaw,Member,Female,Electronic Accessories,75.91,6,22.773,478.233,03-09-2019,18:21:00,Cash,455.46,4.761904762,22.773,8.7
438-23-1242,Cairo,Mandalay,Normal,Male,Electronic Accessories,75.88,7,26.558,557.718,24-01-2019,10:38:00,Ewallet,531.16,4.761904762,26.558,8.9
343-87-0864,Giza,Naypyitaw,Member,Male,Health And Beauty,75.88,1,3.794,79.674,01-03-2019,10:30:00,Credit Card,75.88,4.761904762,3.794,7.1
525-88-7307,Cairo,Mandalay,Member,Male,Sports And Travel,75.82,1,3.791,79.611,31-01-2019,13:19:00,Cash,75.82,4.761904762,3.791,5.8
853-23-2453,Cairo,Mandalay,Member,Female,Health And Beauty,75.74,4,15.148,318.108,14-02-2019,14:35:00,Cash,302.96,4.761904762,15.148,7.6
369-82-2676,Cairo,Mandalay,Normal,Male,Electronic Accessories,75.66,5,18.915,397.215,15-01-2019,18:22:00,Ewallet,378.3,4.761904762,18.915,7.8
831-81-6575,Cairo,Mandalay,Member,Female,Electronic Accessories,75.59,9,34.0155,714.3255,23-02-2019,11:12:00,Cash,680.31,4.761904762,34.0155,8
728-88-7867,Giza,Naypyitaw,Member,Female,Home And Lifestyle,75.53,4,15.106,317.226,19-03-2019,15:52:00,Ewallet,302.12,4.761904762,15.106,8.3
430-53-4718,Cairo,Mandalay,Member,Male,Health And Beauty,75.37,8,30.148,633.108,28-01-2019,15:46:00,Credit Card,602.96,4.761904762,30.148,8.4
880-35-0356,Alex,Yangon,Member,Female,Sports And Travel,75.2,3,11.28,236.88,02-05-2019,11:51:00,Ewallet,225.6,4.761904762,11.28,4.8
850-41-9669,Alex,Yangon,Normal,Female,Electronic Accessories,75.06,9,33.777,709.317,19-03-2019,13:25:00,Ewallet,675.54,4.761904762,33.777,6.2
578-80-7669,Cairo,Mandalay,Normal,Male,Sports And Travel,74.97,1,3.7485,78.7185,16-03-2019,16:58:00,Cash,74.97,4.761904762,3.7485,5.6
153-58-4872,Giza,Naypyitaw,Member,Female,Food And Beverages,74.89,4,14.978,314.538,03-01-2019,15:32:00,Ewallet,299.56,4.761904762,14.978,4.2
593-95-4461,Giza,Naypyitaw,Member,Male,Home And Lifestyle,74.86,1,3.743,78.603,24-03-2019,14:49:00,Cash,74.86,4.761904762,3.743,6.9
603-07-0961,Giza,Naypyitaw,Member,Male,Electronic Accessories,74.79,5,18.6975,392.6475,01-10-2019,11:34:00,Cash,373.95,4.761904762,18.6975,4.9
891-01-7034,Cairo,Mandalay,Normal,Female,Electronic Accessories,74.71,6,22.413,470.673,01-01-2019,19:07:00,Cash,448.26,4.761904762,22.413,6.7
750-67-8428,Alex,Yangon,Member,Female,Health And Beauty,74.69,7,26.1415,548.9715,01-05-2019,13:08:00,Ewallet,522.83,4.761904762,26.1415,9.1
287-21-9091,Alex,Yangon,Member,Female,Home And Lifestyle,74.67,9,33.6015,705.6315,22-01-2019,10:55:00,Ewallet,672.03,4.761904762,33.6015,9.4
221-25-5073,Alex,Yangon,Normal,Female,Food And Beverages,74.66,4,14.932,313.572,03-04-2019,10:39:00,Cash,298.64,4.761904762,14.932,8.5
571-94-0759,Cairo,Mandalay,Member,Female,Food And Beverages,74.6,10,37.3,783.3,01-08-2019,20:55:00,Cash,746,4.761904762,37.3,9.5
404-91-5964,Alex,Yangon,Normal,Male,Electronic Accessories,74.58,7,26.103,548.163,02-04-2019,16:09:00,Credit Card,522.06,4.761904762,26.103,9
760-90-2357,Alex,Yangon,Member,Male,Electronic Accessories,74.51,6,22.353,469.413,20-03-2019,15:08:00,Ewallet,447.06,4.761904762,22.353,5
243-55-8457,Alex,Yangon,Normal,Female,Food And Beverages,74.44,10,37.22,781.62,27-02-2019,11:40:00,Ewallet,744.4,4.761904762,37.22,5.1
556-86-3144,Giza,Naypyitaw,Member,Female,Fashion Accessories,74.29,1,3.7145,78.0045,13-01-2019,19:30:00,Cash,74.29,4.761904762,3.7145,5
416-17-9926,Alex,Yangon,Member,Female,Electronic Accessories,74.22,10,37.11,779.31,01-01-2019,14:42:00,Credit Card,742.2,4.761904762,37.11,4.3
843-73-4724,Alex,Yangon,Normal,Male,Fashion Accessories,74.1,1,3.705,77.805,25-01-2019,11:05:00,Cash,74.1,4.761904762,3.705,9.2
400-60-7251,Alex,Yangon,Normal,Male,Home And Lifestyle,74.07,1,3.7035,77.7735,02-10-2019,12:50:00,Ewallet,74.07,4.761904762,3.7035,9.9
408-26-9866,Giza,Naypyitaw,Normal,Female,Sports And Travel,73.98,7,25.893,543.753,03-02-2019,16:42:00,Ewallet,517.86,4.761904762,25.893,4.1
277-63-2961,Cairo,Mandalay,Member,Male,Sports And Travel,73.97,1,3.6985,77.6685,02-03-2019,15:53:00,Credit Card,73.97,4.761904762,3.6985,5.4
339-12-4827,Cairo,Mandalay,Member,Female,Fashion Accessories,73.96,1,3.698,77.658,01-05-2019,11:32:00,Credit Card,73.96,4.761904762,3.698,5
326-71-2155,Giza,Naypyitaw,Normal,Female,Sports And Travel,73.95,4,14.79,310.59,02-03-2019,10:02:00,Cash,295.8,4.761904762,14.79,6.1
407-63-8975,Alex,Yangon,Normal,Male,Food And Beverages,73.88,6,22.164,465.444,23-03-2019,19:16:00,Ewallet,443.28,4.761904762,22.164,4.4
269-04-5750,Cairo,Mandalay,Member,Male,Fashion Accessories,73.82,4,14.764,310.044,21-02-2019,18:31:00,Cash,295.28,4.761904762,14.764,6.7
315-22-5665,Giza,Naypyitaw,Member,Female,Home And Lifestyle,73.56,10,36.78,772.38,24-02-2019,11:38:00,Ewallet,735.6,4.761904762,36.78,8
437-58-8131,Cairo,Mandalay,Normal,Female,Fashion Accessories,73.52,2,7.352,154.392,15-01-2019,13:41:00,Ewallet,147.04,4.761904762,7.352,4.6
884-80-6021,Alex,Yangon,Member,Female,Electronic Accessories,73.47,10,36.735,771.435,23-03-2019,13:14:00,Ewallet,734.7,4.761904762,36.735,9.5
274-05-5470,Alex,Yangon,Member,Female,Food And Beverages,73.47,4,14.694,308.574,23-02-2019,18:30:00,Cash,293.88,4.761904762,14.694,6
576-31-4774,Cairo,Mandalay,Normal,Female,Health And Beauty,73.41,3,11.0115,231.2415,03-02-2019,13:10:00,Ewallet,220.23,4.761904762,11.0115,4
196-01-2849,Giza,Naypyitaw,Member,Female,Fashion Accessories,73.38,7,25.683,539.343,02-10-2019,13:56:00,Cash,513.66,4.761904762,25.683,9.5
775-72-1988,Cairo,Mandalay,Normal,Male,Home And Lifestyle,73.28,5,18.32,384.72,24-01-2019,15:05:00,Ewallet,366.4,4.761904762,18.32,8.4
585-90-0249,Alex,Yangon,Member,Male,Electronic Accessories,73.26,1,3.663,76.923,27-01-2019,18:08:00,Ewallet,73.26,4.761904762,3.663,9.7
462-67-9126,Alex,Yangon,Normal,Male,Home And Lifestyle,73.22,6,21.966,461.286,21-01-2019,17:44:00,Cash,439.32,4.761904762,21.966,7.2
785-13-7708,Cairo,Mandalay,Normal,Male,Food And Beverages,73.06,7,25.571,536.991,14-01-2019,19:06:00,Credit Card,511.42,4.761904762,25.571,4.2
234-03-4040,Cairo,Mandalay,Member,Female,Food And Beverages,73.05,10,36.525,767.025,03-03-2019,12:25:00,Credit Card,730.5,4.761904762,36.525,8.7
308-81-0538,Alex,Yangon,Normal,Female,Fashion Accessories,73.05,4,14.61,306.81,25-02-2019,17:16:00,Credit Card,292.2,4.761904762,14.61,4.9
845-94-6841,Giza,Naypyitaw,Member,Female,Food And Beverages,72.88,9,32.796,688.716,01-08-2019,19:38:00,Cash,655.92,4.761904762,32.796,4
173-57-2300,Giza,Naypyitaw,Member,Male,Sports And Travel,72.88,2,7.288,153.048,13-03-2019,12:51:00,Cash,145.76,4.761904762,7.288,6.1
227-78-1148,Cairo,Mandalay,Member,Female,Fashion Accessories,72.84,7,25.494,535.374,15-02-2019,12:44:00,Cash,509.88,4.761904762,25.494,8.4
742-04-5161,Alex,Yangon,Member,Male,Home And Lifestyle,72.78,10,36.39,764.19,02-03-2019,17:24:00,Cash,727.8,4.761904762,36.39,7.3
765-26-6951,Alex,Yangon,Member,Female,Sports And Travel,72.61,6,21.783,457.443,01-01-2019,10:39:00,Credit Card,435.66,4.761904762,21.783,6.9
327-40-9673,Cairo,Mandalay,Member,Male,Sports And Travel,72.6,6,21.78,457.38,13-01-2019,19:51:00,Cash,435.6,4.761904762,21.78,6.9
731-59-7531,Cairo,Mandalay,Member,Male,Health And Beauty,72.57,8,29.028,609.588,30-03-2019,17:58:00,Cash,580.56,4.761904762,29.028,4.6
131-15-8856,Giza,Naypyitaw,Member,Female,Food And Beverages,72.52,8,29.008,609.168,30-03-2019,19:26:00,Credit Card,580.16,4.761904762,29.008,4
575-30-8091,Alex,Yangon,Normal,Female,Sports And Travel,72.5,8,29,609,16-03-2019,19:25:00,Ewallet,580,4.761904762,29,9.2
218-59-9410,Alex,Yangon,Member,Female,Home And Lifestyle,72.42,3,10.863,228.123,29-03-2019,16:54:00,Ewallet,217.26,4.761904762,10.863,8.2
355-34-6244,Cairo,Mandalay,Normal,Male,Food And Beverages,72.39,2,7.239,152.019,13-01-2019,19:55:00,Credit Card,144.78,4.761904762,7.239,8.1
817-48-8732,Alex,Yangon,Member,Female,Home And Lifestyle,72.35,10,36.175,759.675,20-01-2019,15:55:00,Cash,723.5,4.761904762,36.175,5.4
411-77-0180,Alex,Yangon,Member,Male,Electronic Accessories,72.2,7,25.27,530.67,26-03-2019,20:14:00,Ewallet,505.4,4.761904762,25.27,4.3
279-74-2924,Cairo,Mandalay,Member,Male,Electronic Accessories,72.17,1,3.6085,75.7785,01-04-2019,19:40:00,Cash,72.17,4.761904762,3.6085,6.1
525-09-8450,Cairo,Mandalay,Normal,Male,Electronic Accessories,72.13,10,36.065,757.365,31-01-2019,15:12:00,Credit Card,721.3,4.761904762,36.065,4.2
222-42-0244,Cairo,Mandalay,Member,Female,Health And Beauty,72.11,9,32.4495,681.4395,28-01-2019,13:53:00,Credit Card,648.99,4.761904762,32.4495,7.7
198-66-9832,Cairo,Mandalay,Member,Female,Fashion Accessories,72.04,2,7.204,151.284,02-04-2019,19:38:00,Cash,144.08,4.761904762,7.204,9.5
441-94-7118,Alex,Yangon,Member,Male,Electronic Accessories,71.95,1,3.5975,75.5475,02-04-2019,12:14:00,Cash,71.95,4.761904762,3.5975,7.3
600-38-9738,Giza,Naypyitaw,Member,Male,Sports And Travel,71.92,5,17.98,377.58,17-01-2019,15:05:00,Credit Card,359.6,4.761904762,17.98,4.3
886-77-9084,Giza,Naypyitaw,Normal,Male,Electronic Accessories,71.89,8,28.756,603.876,19-02-2019,11:33:00,Ewallet,575.12,4.761904762,28.756,5.5
262-47-2794,Cairo,Mandalay,Member,Male,Home And Lifestyle,71.86,8,28.744,603.624,03-06-2019,15:07:00,Credit Card,574.88,4.761904762,28.744,6.2
186-79-9562,Cairo,Mandalay,Normal,Male,Health And Beauty,71.77,7,25.1195,527.5095,29-03-2019,14:06:00,Cash,502.39,4.761904762,25.1195,8.9
420-97-3340,Alex,Yangon,Normal,Female,Food And Beverages,71.68,3,10.752,225.792,28-03-2019,15:30:00,Credit Card,215.04,4.761904762,10.752,9.2
373-14-0504,Alex,Yangon,Member,Female,Sports And Travel,71.63,2,7.163,150.423,02-12-2019,14:33:00,Ewallet,143.26,4.761904762,7.163,8.8
857-16-3520,Alex,Yangon,Member,Female,Fashion Accessories,71.46,7,25.011,525.231,28-03-2019,16:06:00,Ewallet,500.22,4.761904762,25.011,4.5
420-11-4919,Giza,Naypyitaw,Member,Female,Food And Beverages,71.39,5,17.8475,374.7975,17-02-2019,19:57:00,Credit Card,356.95,4.761904762,17.8475,5.5
829-34-3910,Alex,Yangon,Member,Female,Health And Beauty,71.38,10,35.69,749.49,29-03-2019,19:21:00,Cash,713.8,4.761904762,35.69,5.7
841-18-8232,Cairo,Mandalay,Normal,Female,Food And Beverages,71.2,1,3.56,74.76,01-05-2019,20:40:00,Credit Card,71.2,4.761904762,3.56,9.2
537-72-0426,Giza,Naypyitaw,Member,Male,Fashion Accessories,70.99,10,35.495,745.395,20-03-2019,16:28:00,Cash,709.9,4.761904762,35.495,5.7
144-51-6085,Alex,Yangon,Member,Male,Home And Lifestyle,70.74,4,14.148,297.108,01-05-2019,16:05:00,Credit Card,282.96,4.761904762,14.148,4.4
334-64-2006,Alex,Yangon,Member,Female,Home And Lifestyle,70.32,2,7.032,147.672,24-03-2019,14:22:00,Ewallet,140.64,4.761904762,7.032,9.6
778-89-7974,Giza,Naypyitaw,Normal,Male,Health And Beauty,70.21,6,21.063,442.323,30-03-2019,14:58:00,Cash,421.26,4.761904762,21.063,7.4
394-55-6384,Giza,Naypyitaw,Member,Female,Sports And Travel,70.19,9,31.5855,663.2955,25-01-2019,13:38:00,Cash,631.71,4.761904762,31.5855,6.7
730-70-9830,Giza,Naypyitaw,Normal,Female,Home And Lifestyle,70.11,6,21.033,441.693,14-03-2019,17:54:00,Ewallet,420.66,4.761904762,21.033,5.2
249-42-3782,Alex,Yangon,Normal,Male,Health And Beauty,70.01,5,17.5025,367.5525,01-03-2019,11:36:00,Ewallet,350.05,4.761904762,17.5025,5.5
136-08-6195,Alex,Yangon,Normal,Female,Home And Lifestyle,69.96,8,27.984,587.664,15-02-2019,17:01:00,Credit Card,559.68,4.761904762,27.984,6.4
593-65-1552,Giza,Naypyitaw,Normal,Female,Home And Lifestyle,69.81,4,13.962,293.202,28-01-2019,20:50:00,Credit Card,279.24,4.761904762,13.962,5.9
174-64-0215,Cairo,Mandalay,Normal,Male,Sports And Travel,69.74,10,34.87,732.27,03-05-2019,17:49:00,Credit Card,697.4,4.761904762,34.87,8.9
868-06-0466,Alex,Yangon,Member,Male,Electronic Accessories,69.58,9,31.311,657.531,19-02-2019,19:38:00,Credit Card,626.22,4.761904762,31.311,7.8
105-31-1824,Alex,Yangon,Member,Male,Sports And Travel,69.52,7,24.332,510.972,02-01-2019,15:10:00,Credit Card,486.64,4.761904762,24.332,8.5
207-73-1363,Cairo,Mandalay,Normal,Male,Health And Beauty,69.51,2,6.951,145.971,03-01-2019,12:15:00,Ewallet,139.02,4.761904762,6.951,8.1
620-02-2046,Giza,Naypyitaw,Normal,Male,Home And Lifestyle,69.4,2,6.94,145.74,27-01-2019,19:48:00,Ewallet,138.8,4.761904762,6.94,9
836-82-5858,Cairo,Mandalay,Member,Male,Health And Beauty,69.37,9,31.2165,655.5465,26-01-2019,19:14:00,Ewallet,624.33,4.761904762,31.2165,4
181-94-6432,Giza,Naypyitaw,Member,Male,Fashion Accessories,69.33,2,6.933,145.593,02-05-2019,19:05:00,Ewallet,138.66,4.761904762,6.933,9.7
354-25-5821,Cairo,Mandalay,Member,Female,Sports And Travel,69.12,6,20.736,435.456,02-08-2019,13:03:00,Cash,414.72,4.761904762,20.736,5.6
286-75-7818,Cairo,Mandalay,Normal,Male,Fashion Accessories,69.08,2,6.908,145.068,31-01-2019,19:48:00,Credit Card,138.16,4.761904762,6.908,6.9
162-65-8559,Giza,Naypyitaw,Member,Male,Food And Beverages,68.98,1,3.449,72.429,21-01-2019,20:13:00,Cash,68.98,4.761904762,3.449,4.8
777-67-2495,Cairo,Mandalay,Normal,Male,Home And Lifestyle,68.97,3,10.3455,217.2555,22-02-2019,11:26:00,Ewallet,206.91,4.761904762,10.3455,8.7
656-95-9349,Alex,Yangon,Member,Female,Health And Beauty,68.93,7,24.1255,506.6355,03-11-2019,11:03:00,Credit Card,482.51,4.761904762,24.1255,4.6
355-53-5943,Alex,Yangon,Member,Female,Electronic Accessories,68.84,6,20.652,433.692,25-02-2019,14:36:00,Ewallet,413.04,4.761904762,20.652,5.8
725-32-9708,Cairo,Mandalay,Member,Female,Fashion Accessories,68.71,4,13.742,288.582,01-04-2019,19:01:00,Cash,274.84,4.761904762,13.742,4.1
276-75-6884,Alex,Yangon,Normal,Female,Health And Beauty,68.71,3,10.3065,216.4365,03-04-2019,10:05:00,Cash,206.13,4.761904762,10.3065,8.7
338-65-2210,Giza,Naypyitaw,Member,Female,Health And Beauty,68.6,10,34.3,720.3,02-05-2019,19:57:00,Cash,686,4.761904762,34.3,9.1
400-80-4065,Giza,Naypyitaw,Member,Male,Health And Beauty,68.55,4,13.71,287.91,15-02-2019,20:21:00,Credit Card,274.2,4.761904762,13.71,9.2
663-86-9076,Giza,Naypyitaw,Member,Female,Food And Beverages,68.54,8,27.416,575.736,01-08-2019,15:57:00,Ewallet,548.32,4.761904762,27.416,8.5
232-16-2483,Giza,Naypyitaw,Member,Female,Sports And Travel,68.12,1,3.406,71.526,01-07-2019,12:28:00,Ewallet,68.12,4.761904762,3.406,6.8
201-63-8275,Giza,Naypyitaw,Member,Female,Sports And Travel,67.99,7,23.7965,499.7265,17-02-2019,16:50:00,Ewallet,475.93,4.761904762,23.7965,5.7
151-33-7434,Cairo,Mandalay,Normal,Female,Food And Beverages,67.77,1,3.3885,71.1585,02-04-2019,20:43:00,Credit Card,67.77,4.761904762,3.3885,6.5
443-59-0061,Alex,Yangon,Member,Male,Food And Beverages,67.45,10,33.725,708.225,02-03-2019,11:25:00,Ewallet,674.5,4.761904762,33.725,4.2
783-09-1637,Cairo,Mandalay,Normal,Female,Sports And Travel,67.43,5,16.8575,354.0075,03-06-2019,18:13:00,Ewallet,337.15,4.761904762,16.8575,6.3
474-33-8305,Giza,Naypyitaw,Member,Male,Fashion Accessories,67.39,7,23.5865,495.3165,23-03-2019,13:23:00,Ewallet,471.73,4.761904762,23.5865,6.9
741-73-3559,Cairo,Mandalay,Normal,Male,Sports And Travel,67.27,5,16.8175,353.1675,27-02-2019,17:27:00,Cash,336.35,4.761904762,16.8175,6.9
882-40-4577,Alex,Yangon,Member,Male,Sports And Travel,67.26,4,13.452,282.492,19-01-2019,15:28:00,Credit Card,269.04,4.761904762,13.452,8
305-03-2383,Alex,Yangon,Normal,Female,Food And Beverages,67.1,3,10.065,211.365,15-02-2019,10:36:00,Cash,201.3,4.761904762,10.065,7.5
422-29-8786,Alex,Yangon,Normal,Female,Home And Lifestyle,67.09,5,16.7725,352.2225,01-03-2019,16:47:00,Credit Card,335.45,4.761904762,16.7725,9.1
498-41-1961,Cairo,Mandalay,Normal,Male,Health And Beauty,66.68,5,16.67,350.07,20-02-2019,18:01:00,Cash,333.4,4.761904762,16.67,7.6
672-51-8681,Giza,Naypyitaw,Member,Female,Electronic Accessories,66.65,9,29.9925,629.8425,01-04-2019,18:19:00,Credit Card,599.85,4.761904762,29.9925,9.7
720-72-2436,Alex,Yangon,Normal,Male,Food And Beverages,66.52,4,13.304,279.384,03-02-2019,18:14:00,Ewallet,266.08,4.761904762,13.304,6.9
188-55-0967,Cairo,Mandalay,Member,Male,Health And Beauty,66.47,10,33.235,697.935,15-01-2019,15:01:00,Credit Card,664.7,4.761904762,33.235,5
366-93-0948,Alex,Yangon,Member,Male,Electronic Accessories,66.35,1,3.3175,69.6675,31-01-2019,10:46:00,Credit Card,66.35,4.761904762,3.3175,9.7
568-90-5112,Giza,Naypyitaw,Normal,Male,Health And Beauty,66.14,4,13.228,277.788,19-03-2019,12:46:00,Credit Card,264.56,4.761904762,13.228,5.6
213-32-1216,Alex,Yangon,Normal,Female,Electronic Accessories,66.06,6,19.818,416.178,23-01-2019,10:28:00,Cash,396.36,4.761904762,19.818,7.3
541-08-3113,Giza,Naypyitaw,Normal,Male,Food And Beverages,65.97,8,26.388,554.148,02-02-2019,20:29:00,Cash,527.76,4.761904762,26.388,8.4
380-94-4661,Giza,Naypyitaw,Member,Male,Electronic Accessories,65.94,4,13.188,276.948,02-07-2019,13:05:00,Credit Card,263.76,4.761904762,13.188,6.9
468-88-0009,Alex,Yangon,Member,Male,Home And Lifestyle,65.94,4,13.188,276.948,24-03-2019,10:29:00,Cash,263.76,4.761904762,13.188,6
200-40-6154,Cairo,Mandalay,Member,Male,Home And Lifestyle,65.91,6,19.773,415.233,02-09-2019,11:45:00,Cash,395.46,4.761904762,19.773,5.7
347-56-2442,Alex,Yangon,Normal,Male,Home And Lifestyle,65.82,1,3.291,69.111,22-02-2019,15:33:00,Cash,65.82,4.761904762,3.291,4.1
651-88-7328,Alex,Yangon,Normal,Female,Fashion Accessories,65.74,9,29.583,621.243,01-01-2019,13:55:00,Cash,591.66,4.761904762,29.583,7.7
200-16-5952,Giza,Naypyitaw,Member,Male,Food And Beverages,65.65,2,6.565,137.865,17-01-2019,16:46:00,Cash,131.3,4.761904762,6.565,6
102-77-2261,Giza,Naypyitaw,Member,Male,Health And Beauty,65.31,7,22.8585,480.0285,03-05-2019,18:02:00,Credit Card,457.17,4.761904762,22.8585,4.2
154-87-7367,Giza,Naypyitaw,Normal,Male,Home And Lifestyle,65.26,8,26.104,548.184,15-03-2019,14:04:00,Ewallet,522.08,4.761904762,26.104,6.3
457-13-1708,Cairo,Mandalay,Member,Male,Fashion Accessories,65.23,10,32.615,684.915,01-08-2019,19:07:00,Credit Card,652.3,4.761904762,32.615,5.2
502-05-1910,Alex,Yangon,Normal,Male,Health And Beauty,65.18,3,9.777,205.317,25-02-2019,20:35:00,Credit Card,195.54,4.761904762,9.777,6.3
881-41-7302,Giza,Naypyitaw,Normal,Female,Fashion Accessories,64.99,1,3.2495,68.2395,26-01-2019,10:06:00,Credit Card,64.99,4.761904762,3.2495,4.5
815-04-6282,Giza,Naypyitaw,Member,Female,Sports And Travel,64.97,5,16.2425,341.0925,02-08-2019,12:52:00,Credit Card,324.85,4.761904762,16.2425,6.5
538-22-0304,Giza,Naypyitaw,Normal,Male,Electronic Accessories,64.95,10,32.475,681.975,24-03-2019,18:27:00,Cash,649.5,4.761904762,32.475,5.2
767-97-4650,Cairo,Mandalay,Member,Female,Sports And Travel,64.83,2,6.483,136.143,01-08-2019,11:59:00,Credit Card,129.66,4.761904762,6.483,8
852-82-2749,Alex,Yangon,Normal,Male,Sports And Travel,64.59,4,12.918,271.278,01-06-2019,13:35:00,Ewallet,258.36,4.761904762,12.918,9.3
676-39-6028,Alex,Yangon,Member,Female,Electronic Accessories,64.44,5,16.11,338.31,30-03-2019,17:04:00,Cash,322.2,4.761904762,16.11,6.6
152-08-9985,Cairo,Mandalay,Member,Female,Health And Beauty,64.36,9,28.962,608.202,03-12-2019,12:09:00,Credit Card,579.24,4.761904762,28.962,8.6
797-88-0493,Alex,Yangon,Normal,Female,Health And Beauty,64.27,4,12.854,269.934,26-03-2019,13:54:00,Cash,257.08,4.761904762,12.854,7.7
130-98-8941,Giza,Naypyitaw,Normal,Male,Fashion Accessories,64.26,7,22.491,472.311,02-09-2019,10:00:00,Cash,449.82,4.761904762,22.491,5.7
149-61-1929,Alex,Yangon,Normal,Male,Sports And Travel,64.19,10,32.095,673.995,19-01-2019,14:08:00,Credit Card,641.9,4.761904762,32.095,6.7
752-23-3760,Cairo,Mandalay,Member,Female,Sports And Travel,64.08,7,22.428,470.988,19-02-2019,19:29:00,Credit Card,448.56,4.761904762,22.428,7.3
458-10-8612,Giza,Naypyitaw,Normal,Male,Health And Beauty,64.08,7,22.428,470.988,20-01-2019,12:27:00,Ewallet,448.56,4.761904762,22.428,7.6
336-78-2147,Giza,Naypyitaw,Member,Female,Home And Lifestyle,63.91,8,25.564,536.844,13-03-2019,19:52:00,Credit Card,511.28,4.761904762,25.564,4.6
410-67-1709,Alex,Yangon,Member,Female,Fashion Accessories,63.88,8,25.552,536.592,20-01-2019,17:48:00,Ewallet,511.04,4.761904762,25.552,9.9
374-38-5555,Cairo,Mandalay,Normal,Female,Fashion Accessories,63.71,5,15.9275,334.4775,02-07-2019,19:30:00,Ewallet,318.55,4.761904762,15.9275,8.5
275-28-0149,Alex,Yangon,Normal,Male,Sports And Travel,63.69,1,3.1845,66.8745,25-02-2019,16:21:00,Cash,63.69,4.761904762,3.1845,6
727-17-0390,Alex,Yangon,Normal,Female,Food And Beverages,63.61,5,15.9025,333.9525,16-03-2019,12:43:00,Ewallet,318.05,4.761904762,15.9025,4.8
648-83-1321,Alex,Yangon,Member,Male,Home And Lifestyle,63.56,10,31.78,667.38,16-01-2019,17:59:00,Cash,635.6,4.761904762,31.78,4.3
721-86-6247,Alex,Yangon,Normal,Female,Home And Lifestyle,63.42,8,25.368,532.728,03-11-2019,12:55:00,Ewallet,507.36,4.761904762,25.368,7.4
556-97-7101,Giza,Naypyitaw,Normal,Female,Electronic Accessories,63.22,2,6.322,132.762,01-01-2019,15:51:00,Cash,126.44,4.761904762,6.322,8.5
501-61-1753,Cairo,Mandalay,Normal,Female,Home And Lifestyle,63.15,6,18.945,397.845,01-03-2019,20:24:00,Ewallet,378.9,4.761904762,18.945,9.8
375-72-3056,Cairo,Mandalay,Normal,Male,Sports And Travel,63.06,3,9.459,198.639,19-01-2019,15:58:00,Ewallet,189.18,4.761904762,9.459,7
133-14-7229,Giza,Naypyitaw,Normal,Male,Health And Beauty,62.87,2,6.287,132.027,01-01-2019,11:43:00,Cash,125.74,4.761904762,6.287,5
574-80-1489,Cairo,Mandalay,Member,Female,Food And Beverages,62.85,4,12.57,263.97,25-02-2019,13:22:00,Ewallet,251.4,4.761904762,12.57,8.7
101-81-4070,Giza,Naypyitaw,Member,Female,Health And Beauty,62.82,2,6.282,131.922,17-01-2019,12:36:00,Ewallet,125.64,4.761904762,6.282,4.9
217-58-1179,Alex,Yangon,Member,Male,Home And Lifestyle,62.65,4,12.53,263.13,01-05-2019,11:25:00,Cash,250.6,4.761904762,12.53,4.2
129-29-8530,Alex,Yangon,Member,Female,Sports And Travel,62.62,5,15.655,328.755,03-10-2019,19:15:00,Ewallet,313.1,4.761904762,15.655,7
636-17-0325,Cairo,Mandalay,Normal,Male,Health And Beauty,62.57,4,12.514,262.794,25-02-2019,18:37:00,Cash,250.28,4.761904762,12.514,9.5
278-97-7759,Alex,Yangon,Member,Female,Electronic Accessories,62.48,1,3.124,65.604,18-02-2019,20:29:00,Cash,62.48,4.761904762,3.124,4.7
826-58-8051,Cairo,Mandalay,Normal,Male,Home And Lifestyle,62.19,4,12.438,261.198,01-06-2019,19:46:00,Ewallet,248.76,4.761904762,12.438,4.3
189-55-2313,Giza,Naypyitaw,Normal,Female,Fashion Accessories,62.18,10,31.09,652.89,31-01-2019,10:33:00,Ewallet,621.8,4.761904762,31.09,6
630-74-5166,Alex,Yangon,Member,Female,Sports And Travel,62.13,6,18.639,391.419,22-03-2019,20:19:00,Cash,372.78,4.761904762,18.639,7.4
796-12-2025,Giza,Naypyitaw,Member,Female,Fashion Accessories,62.12,10,31.06,652.26,02-11-2019,16:19:00,Cash,621.2,4.761904762,31.06,5.9
468-01-2051,Cairo,Mandalay,Normal,Male,Food And Beverages,62.08,7,21.728,456.288,03-06-2019,13:46:00,Ewallet,434.56,4.761904762,21.728,5.4
552-44-5977,Cairo,Mandalay,Member,Male,Health And Beauty,62,8,24.8,520.8,01-03-2019,19:08:00,Credit Card,496,4.761904762,24.8,6.2
563-91-7120,Alex,Yangon,Normal,Female,Fashion Accessories,61.77,5,15.4425,324.2925,03-08-2019,13:21:00,Cash,308.85,4.761904762,15.4425,6.7
426-39-2418,Giza,Naypyitaw,Normal,Male,Electronic Accessories,61.41,7,21.4935,451.3635,14-01-2019,10:02:00,Cash,429.87,4.761904762,21.4935,9.8
291-21-5991,Cairo,Mandalay,Member,Male,Health And Beauty,61.29,5,15.3225,321.7725,29-03-2019,14:28:00,Cash,306.45,4.761904762,15.3225,7
261-12-8671,Cairo,Mandalay,Normal,Female,Fashion Accessories,60.96,2,6.096,128.016,25-01-2019,19:39:00,Credit Card,121.92,4.761904762,6.096,4.9
541-48-8554,Alex,Yangon,Normal,Male,Sports And Travel,60.95,9,27.4275,575.9775,01-07-2019,12:08:00,Credit Card,548.55,4.761904762,27.4275,6
652-49-6720,Giza,Naypyitaw,Member,Female,Electronic Accessories,60.95,1,3.0475,63.9975,18-02-2019,11:40:00,Ewallet,60.95,4.761904762,3.0475,5.9
272-65-1806,Alex,Yangon,Member,Female,Electronic Accessories,60.88,9,27.396,575.316,15-01-2019,17:17:00,Ewallet,547.92,4.761904762,27.396,4.7
816-57-2053,Alex,Yangon,Normal,Male,Sports And Travel,60.87,2,6.087,127.827,03-09-2019,12:37:00,Ewallet,121.74,4.761904762,6.087,8.7
443-60-9639,Giza,Naypyitaw,Member,Female,Home And Lifestyle,60.87,1,3.0435,63.9135,24-01-2019,13:24:00,Cash,60.87,4.761904762,3.0435,5.5
781-84-8059,Giza,Naypyitaw,Normal,Male,Fashion Accessories,60.74,7,21.259,446.439,18-01-2019,16:23:00,Ewallet,425.18,4.761904762,21.259,5
704-10-4056,Giza,Naypyitaw,Member,Male,Health And Beauty,60.47,3,9.0705,190.4805,14-01-2019,10:55:00,Credit Card,181.41,4.761904762,9.0705,5.6
626-43-7888,Giza,Naypyitaw,Normal,Female,Fashion Accessories,60.41,8,24.164,507.444,02-07-2019,12:23:00,Ewallet,483.28,4.761904762,24.164,9.6
305-18-3552,Cairo,Mandalay,Member,Male,Home And Lifestyle,60.38,10,30.19,633.99,02-12-2019,16:19:00,Cash,603.8,4.761904762,30.19,6
458-61-0011,Cairo,Mandalay,Normal,Male,Food And Beverages,60.3,4,12.06,253.26,20-02-2019,18:43:00,Cash,241.2,4.761904762,12.06,5.8
291-59-1384,Cairo,Mandalay,Normal,Male,Electronic Accessories,60.3,1,3.015,63.315,28-02-2019,17:38:00,Cash,60.3,4.761904762,3.015,6
133-77-3154,Cairo,Mandalay,Member,Male,Fashion Accessories,60.18,4,12.036,252.756,16-02-2019,18:04:00,Credit Card,240.72,4.761904762,12.036,9.4
109-86-4363,Cairo,Mandalay,Member,Female,Sports And Travel,60.08,7,21.028,441.588,14-02-2019,11:36:00,Credit Card,420.56,4.761904762,21.028,4.5
307-83-9164,Alex,Yangon,Member,Male,Home And Lifestyle,60.01,4,12.002,252.042,25-01-2019,15:54:00,Cash,240.04,4.761904762,12.002,4.5
339-38-9982,Cairo,Mandalay,Member,Male,Fashion Accessories,59.86,2,5.986,125.706,13-01-2019,14:55:00,Ewallet,119.72,4.761904762,5.986,6.7
448-81-5016,Alex,Yangon,Normal,Male,Health And Beauty,59.77,2,5.977,125.517,03-11-2019,12:01:00,Credit Card,119.54,4.761904762,5.977,5.8
379-17-6588,Giza,Naypyitaw,Normal,Male,Fashion Accessories,59.61,10,29.805,625.905,14-03-2019,11:07:00,Cash,596.1,4.761904762,29.805,5.3
728-47-9078,Giza,Naypyitaw,Member,Male,Food And Beverages,59.59,4,11.918,250.278,19-01-2019,12:46:00,Cash,238.36,4.761904762,11.918,9.8
648-94-3045,Giza,Naypyitaw,Normal,Male,Health And Beauty,58.95,10,29.475,618.975,02-07-2019,14:27:00,Ewallet,589.5,4.761904762,29.475,8.1
497-37-6538,Alex,Yangon,Normal,Male,Sports And Travel,58.91,7,20.6185,432.9885,17-01-2019,15:15:00,Ewallet,412.37,4.761904762,20.6185,9.7
704-11-6354,Alex,Yangon,Member,Male,Home And Lifestyle,58.9,8,23.56,494.76,01-06-2019,11:23:00,Cash,471.2,4.761904762,23.56,8.9
137-63-5492,Giza,Naypyitaw,Normal,Male,Electronic Accessories,58.76,10,29.38,616.98,29-01-2019,14:26:00,Ewallet,587.6,4.761904762,29.38,9
725-67-2480,Cairo,Mandalay,Member,Female,Fashion Accessories,58.75,6,17.625,370.125,24-03-2019,18:14:00,Credit Card,352.5,4.761904762,17.625,5.9
503-07-0930,Giza,Naypyitaw,Member,Male,Sports And Travel,58.39,7,20.4365,429.1665,23-02-2019,19:49:00,Credit Card,408.73,4.761904762,20.4365,8.2
545-07-8534,Giza,Naypyitaw,Normal,Female,Health And Beauty,58.32,2,5.832,122.472,14-02-2019,12:42:00,Ewallet,116.64,4.761904762,5.832,6
212-62-1842,Alex,Yangon,Member,Female,Food And Beverages,58.26,6,17.478,367.038,28-03-2019,16:44:00,Cash,349.56,4.761904762,17.478,9.9
210-57-1719,Cairo,Mandalay,Normal,Female,Health And Beauty,58.24,9,26.208,550.368,02-05-2019,12:34:00,Cash,524.16,4.761904762,26.208,9.7
123-19-1176,Alex,Yangon,Member,Female,Health And Beauty,58.22,8,23.288,489.048,27-01-2019,20:33:00,Ewallet,465.76,4.761904762,23.288,8.4
809-46-1866,Alex,Yangon,Normal,Male,Health And Beauty,58.15,4,11.63,244.23,23-01-2019,17:44:00,Cash,232.6,4.761904762,11.63,8.4
645-44-1170,Alex,Yangon,Member,Female,Home And Lifestyle,58.07,9,26.1315,548.7615,19-01-2019,20:07:00,Ewallet,522.63,4.761904762,26.1315,4.3
745-74-0715,Alex,Yangon,Normal,Male,Electronic Accessories,58.03,2,5.803,121.863,03-10-2019,20:46:00,Ewallet,116.06,4.761904762,5.803,8.8
692-27-8933,Cairo,Mandalay,Normal,Female,Sports And Travel,57.95,6,17.385,365.085,24-02-2019,13:02:00,Cash,347.7,4.761904762,17.385,5.2
114-35-5271,Cairo,Mandalay,Normal,Female,Electronic Accessories,57.91,8,23.164,486.444,02-07-2019,15:06:00,Cash,463.28,4.761904762,23.164,8.1
349-97-8902,Cairo,Mandalay,Member,Male,Food And Beverages,57.89,2,5.789,121.569,17-01-2019,10:37:00,Ewallet,115.78,4.761904762,5.789,8.9
779-42-2410,Cairo,Mandalay,Member,Male,Food And Beverages,57.74,3,8.661,181.881,20-02-2019,13:06:00,Ewallet,173.22,4.761904762,8.661,7.7
234-36-2483,Cairo,Mandalay,Normal,Male,Health And Beauty,57.59,6,17.277,362.817,15-02-2019,13:51:00,Cash,345.54,4.761904762,17.277,5.1
542-41-0513,Cairo,Mandalay,Member,Female,Electronic Accessories,57.49,4,11.498,241.458,15-03-2019,11:57:00,Cash,229.96,4.761904762,11.498,6.6
790-29-1172,Cairo,Mandalay,Normal,Female,Food And Beverages,57.34,3,8.601,180.621,03-10-2019,18:59:00,Credit Card,172.02,4.761904762,8.601,7.9
500-02-2261,Giza,Naypyitaw,Normal,Female,Food And Beverages,57.29,6,17.187,360.927,21-03-2019,17:04:00,Ewallet,343.74,4.761904762,17.187,5.9
747-58-7183,Cairo,Mandalay,Normal,Male,Fashion Accessories,57.27,3,8.5905,180.4005,02-09-2019,20:31:00,Ewallet,171.81,4.761904762,8.5905,6.5
848-07-1692,Cairo,Mandalay,Normal,Female,Health And Beauty,57.22,2,5.722,120.162,01-12-2019,17:13:00,Ewallet,114.44,4.761904762,5.722,8.3
659-36-1684,Giza,Naypyitaw,Member,Female,Sports And Travel,57.12,7,19.992,419.832,01-12-2019,12:02:00,Credit Card,399.84,4.761904762,19.992,6.5
370-41-7321,Cairo,Mandalay,Member,Female,Health And Beauty,56.69,9,25.5105,535.7205,27-02-2019,17:24:00,Credit Card,510.21,4.761904762,25.5105,8.4
886-18-2897,Alex,Yangon,Normal,Female,Food And Beverages,56.56,5,14.14,296.94,22-03-2019,19:06:00,Credit Card,282.8,4.761904762,14.14,4.5
256-08-8343,Alex,Yangon,Normal,Female,Home And Lifestyle,56.53,4,11.306,237.426,03-04-2019,19:48:00,Ewallet,226.12,4.761904762,11.306,5.5
584-66-4073,Giza,Naypyitaw,Normal,Male,Fashion Accessories,56.5,1,2.825,59.325,13-03-2019,15:45:00,Ewallet,56.5,4.761904762,2.825,9.6
268-27-6179,Cairo,Mandalay,Member,Female,Fashion Accessories,56.47,8,22.588,474.348,03-09-2019,14:57:00,Ewallet,451.76,4.761904762,22.588,7.3
151-27-8496,Giza,Naypyitaw,Normal,Female,Electronic Accessories,56.13,4,11.226,235.746,19-01-2019,11:43:00,Ewallet,224.52,4.761904762,11.226,8.6
554-53-8700,Giza,Naypyitaw,Member,Female,Home And Lifestyle,56.11,2,5.611,117.831,02-02-2019,10:11:00,Cash,112.22,4.761904762,5.611,6.3
588-47-8641,Alex,Yangon,Member,Male,Fashion Accessories,56.04,10,28.02,588.42,14-01-2019,19:30:00,Ewallet,560.4,4.761904762,28.02,4.4
635-28-5728,Alex,Yangon,Normal,Male,Health And Beauty,56,3,8.4,176.4,28-02-2019,19:33:00,Ewallet,168,4.761904762,8.4,4.8
433-75-6987,Cairo,Mandalay,Member,Female,Health And Beauty,55.97,7,19.5895,411.3795,03-05-2019,19:06:00,Ewallet,391.79,4.761904762,19.5895,8.9
660-29-7083,Giza,Naypyitaw,Normal,Male,Electronic Accessories,55.87,10,27.935,586.635,15-01-2019,15:01:00,Cash,558.7,4.761904762,27.935,5.8
563-47-4072,Cairo,Mandalay,Normal,Female,Health And Beauty,55.81,6,16.743,351.603,22-01-2019,11:52:00,Cash,334.86,4.761904762,16.743,9.9
803-83-5989,Giza,Naypyitaw,Member,Female,Home And Lifestyle,55.73,6,16.719,351.099,24-02-2019,10:55:00,Ewallet,334.38,4.761904762,16.719,7
794-32-2436,Cairo,Mandalay,Member,Male,Electronic Accessories,55.67,2,5.567,116.907,27-03-2019,15:08:00,Ewallet,111.34,4.761904762,5.567,6
733-29-1227,Giza,Naypyitaw,Normal,Male,Home And Lifestyle,55.61,7,19.4635,408.7335,23-03-2019,12:41:00,Cash,389.27,4.761904762,19.4635,8.5
442-44-6497,Giza,Naypyitaw,Member,Male,Home And Lifestyle,55.57,3,8.3355,175.0455,01-08-2019,11:42:00,Credit Card,166.71,4.761904762,8.3355,5.9
787-87-2010,Alex,Yangon,Member,Male,Health And Beauty,55.5,4,11.1,233.1,20-01-2019,15:48:00,Credit Card,222,4.761904762,11.1,6.6
491-38-3499,Alex,Yangon,Member,Male,Fashion Accessories,55.45,1,2.7725,58.2225,26-02-2019,17:46:00,Credit Card,55.45,4.761904762,2.7725,4.9
156-95-3964,Alex,Yangon,Normal,Female,Food And Beverages,55.39,4,11.078,232.638,25-03-2019,15:19:00,Ewallet,221.56,4.761904762,11.078,8
347-34-2234,Cairo,Mandalay,Member,Female,Sports And Travel,55.07,9,24.7815,520.4115,02-03-2019,13:40:00,Ewallet,495.63,4.761904762,24.7815,10
266-20-6657,Giza,Naypyitaw,Member,Male,Food And Beverages,55.04,7,19.264,404.544,03-12-2019,19:39:00,Ewallet,385.28,4.761904762,19.264,5.2
333-73-7901,Giza,Naypyitaw,Member,Female,Health And Beauty,54.92,8,21.968,461.328,23-03-2019,13:24:00,Ewallet,439.36,4.761904762,21.968,7.6
425-85-2085,Cairo,Mandalay,Member,Male,Health And Beauty,54.86,5,13.715,288.015,29-03-2019,16:48:00,Ewallet,274.3,4.761904762,13.715,9.8
692-92-5582,Cairo,Mandalay,Member,Female,Food And Beverages,54.84,3,8.226,172.746,20-02-2019,13:27:00,Credit Card,164.52,4.761904762,8.226,5.9
115-99-4379,Cairo,Mandalay,Member,Female,Fashion Accessories,54.73,7,19.1555,402.2655,14-03-2019,19:02:00,Credit Card,383.11,4.761904762,19.1555,8.5
329-62-1586,Alex,Yangon,Member,Female,Food And Beverages,54.67,3,8.2005,172.2105,21-01-2019,18:00:00,Credit Card,164.01,4.761904762,8.2005,8.6
878-30-2331,Giza,Naypyitaw,Member,Female,Sports And Travel,54.55,10,27.275,572.775,03-02-2019,11:22:00,Credit Card,545.5,4.761904762,27.275,7.1
642-30-6693,Cairo,Mandalay,Normal,Female,Sports And Travel,54.51,6,16.353,343.413,17-03-2019,13:54:00,Ewallet,327.06,4.761904762,16.353,7.8
154-74-7179,Cairo,Mandalay,Normal,Male,Sports And Travel,54.45,1,2.7225,57.1725,26-02-2019,19:24:00,Ewallet,54.45,4.761904762,2.7225,7.9
827-44-5872,Cairo,Mandalay,Member,Female,Food And Beverages,54.36,10,27.18,570.78,02-07-2019,11:28:00,Credit Card,543.6,4.761904762,27.18,6.1
582-52-8065,Cairo,Mandalay,Normal,Female,Fashion Accessories,54.31,9,24.4395,513.2295,22-02-2019,10:49:00,Cash,488.79,4.761904762,24.4395,8.9
595-27-4851,Alex,Yangon,Normal,Female,Fashion Accessories,54.28,7,18.998,398.958,27-01-2019,18:05:00,Ewallet,379.96,4.761904762,18.998,9.3
316-01-3952,Alex,Yangon,Normal,Female,Food And Beverages,54.27,5,13.5675,284.9175,13-03-2019,14:16:00,Ewallet,271.35,4.761904762,13.5675,4.6
394-41-0748,Giza,Naypyitaw,Member,Female,Fashion Accessories,54.07,9,24.3315,510.9615,27-01-2019,14:55:00,Ewallet,486.63,4.761904762,24.3315,9.5
676-10-2200,Cairo,Mandalay,Member,Male,Fashion Accessories,53.78,1,2.689,56.469,02-03-2019,20:13:00,Ewallet,53.78,4.761904762,2.689,4.7
238-45-6950,Cairo,Mandalay,Member,Male,Food And Beverages,53.72,1,2.686,56.406,03-01-2019,20:03:00,Ewallet,53.72,4.761904762,2.686,6.4
559-98-9873,Alex,Yangon,Member,Female,Fashion Accessories,53.65,7,18.7775,394.3275,02-10-2019,12:56:00,Ewallet,375.55,4.761904762,18.7775,5.2
378-24-2715,Cairo,Mandalay,Member,Female,Home And Lifestyle,53.44,2,5.344,112.224,20-01-2019,20:38:00,Ewallet,106.88,4.761904762,5.344,4.1
856-66-2701,Alex,Yangon,Member,Male,Home And Lifestyle,53.3,3,7.995,167.895,25-01-2019,14:19:00,Ewallet,159.9,4.761904762,7.995,7.5
499-27-7781,Cairo,Mandalay,Normal,Female,Food And Beverages,53.21,8,21.284,446.964,14-03-2019,16:45:00,Ewallet,425.68,4.761904762,21.284,5
658-66-3967,Giza,Naypyitaw,Normal,Male,Health And Beauty,53.19,7,18.6165,390.9465,14-01-2019,15:42:00,Ewallet,372.33,4.761904762,18.6165,5
269-10-8440,Alex,Yangon,Member,Male,Health And Beauty,53.17,7,18.6095,390.7995,21-01-2019,18:01:00,Cash,372.19,4.761904762,18.6095,8.9
608-27-6295,Cairo,Mandalay,Member,Male,Electronic Accessories,52.89,6,15.867,333.207,19-01-2019,17:34:00,Credit Card,317.34,4.761904762,15.867,9.8
366-43-6862,Cairo,Mandalay,Normal,Male,Electronic Accessories,52.89,4,10.578,222.138,25-03-2019,16:32:00,Ewallet,211.56,4.761904762,10.578,6.7
866-70-2814,Cairo,Mandalay,Normal,Female,Electronic Accessories,52.79,10,26.395,554.295,25-02-2019,11:58:00,Ewallet,527.9,4.761904762,26.395,10
865-92-6136,Alex,Yangon,Member,Female,Food And Beverages,52.75,3,7.9125,166.1625,23-03-2019,10:16:00,Ewallet,158.25,4.761904762,7.9125,9.3
372-62-5264,Giza,Naypyitaw,Normal,Female,Food And Beverages,52.6,9,23.67,497.07,16-01-2019,14:42:00,Cash,473.4,4.761904762,23.67,7.6
227-03-5010,Alex,Yangon,Member,Female,Home And Lifestyle,52.59,8,21.036,441.756,22-03-2019,19:20:00,Credit Card,420.72,4.761904762,21.036,8.5
665-63-9737,Cairo,Mandalay,Normal,Male,Fashion Accessories,52.42,3,7.863,165.123,27-02-2019,17:36:00,Ewallet,157.26,4.761904762,7.863,7.5
471-06-8611,Giza,Naypyitaw,Normal,Female,Food And Beverages,52.42,1,2.621,55.041,02-06-2019,10:22:00,Credit Card,52.42,4.761904762,2.621,6.3
807-34-3742,Alex,Yangon,Normal,Male,Fashion Accessories,52.38,1,2.619,54.999,26-03-2019,19:44:00,Cash,52.38,4.761904762,2.619,5.8
885-56-0389,Giza,Naypyitaw,Member,Male,Fashion Accessories,52.35,1,2.6175,54.9675,02-12-2019,17:49:00,Cash,52.35,4.761904762,2.6175,4
278-86-2735,Alex,Yangon,Normal,Female,Food And Beverages,52.34,3,7.851,164.871,27-03-2019,14:03:00,Cash,157.02,4.761904762,7.851,9.2
308-47-4913,Alex,Yangon,Member,Female,Sports And Travel,52.26,10,26.13,548.73,03-09-2019,12:45:00,Credit Card,522.6,4.761904762,26.13,6.2
152-68-2907,Alex,Yangon,Normal,Male,Food And Beverages,52.2,3,7.83,164.43,15-02-2019,13:30:00,Credit Card,156.6,4.761904762,7.83,9.5
299-29-0180,Cairo,Mandalay,Member,Female,Home And Lifestyle,52.18,7,18.263,383.523,03-09-2019,10:54:00,Cash,365.26,4.761904762,18.263,9.3
157-13-5295,Alex,Yangon,Member,Male,Health And Beauty,51.94,10,25.97,545.37,03-09-2019,18:24:00,Ewallet,519.4,4.761904762,25.97,6.5
497-36-0989,Alex,Yangon,Normal,Male,Fashion Accessories,51.94,3,7.791,163.611,15-02-2019,15:21:00,Cash,155.82,4.761904762,7.791,7.9
211-05-0490,Giza,Naypyitaw,Member,Female,Electronic Accessories,51.92,5,12.98,272.58,03-03-2019,13:42:00,Cash,259.6,4.761904762,12.98,7.5
241-72-9525,Cairo,Mandalay,Normal,Female,Sports And Travel,51.91,10,25.955,545.055,16-02-2019,12:21:00,Cash,519.1,4.761904762,25.955,8.2
484-22-8230,Giza,Naypyitaw,Member,Female,Fashion Accessories,51.89,7,18.1615,381.3915,01-08-2019,20:08:00,Cash,363.23,4.761904762,18.1615,4.5
127-47-6963,Alex,Yangon,Normal,Male,Health And Beauty,51.71,4,10.342,217.182,03-09-2019,13:53:00,Credit Card,206.84,4.761904762,10.342,9.8
834-61-8124,Alex,Yangon,Normal,Male,Electronic Accessories,51.69,7,18.0915,379.9215,26-01-2019,18:22:00,Cash,361.83,4.761904762,18.0915,5.5
539-21-7227,Cairo,Mandalay,Normal,Female,Sports And Travel,51.54,5,12.885,270.585,26-01-2019,17:45:00,Cash,257.7,4.761904762,12.885,4.2
420-18-8989,Alex,Yangon,Member,Female,Sports And Travel,51.52,8,20.608,432.768,02-02-2019,15:47:00,Cash,412.16,4.761904762,20.608,9.6
413-20-6708,Giza,Naypyitaw,Member,Female,Fashion Accessories,51.47,1,2.5735,54.0435,18-03-2019,15:52:00,Ewallet,51.47,4.761904762,2.5735,8.5
659-65-8956,Cairo,Mandalay,Member,Female,Fashion Accessories,51.36,1,2.568,53.928,16-01-2019,15:26:00,Ewallet,51.36,4.761904762,2.568,5.2
522-57-8364,Alex,Yangon,Member,Male,Fashion Accessories,51.34,8,20.536,431.256,31-01-2019,10:00:00,Ewallet,410.72,4.761904762,20.536,7.6
470-32-9057,Alex,Yangon,Member,Male,Food And Beverages,51.34,5,12.835,269.535,28-03-2019,15:31:00,Credit Card,256.7,4.761904762,12.835,9.1
122-61-9553,Giza,Naypyitaw,Normal,Female,Electronic Accessories,51.32,9,23.094,484.974,14-03-2019,19:33:00,Cash,461.88,4.761904762,23.094,5.6
796-32-9050,Alex,Yangon,Normal,Male,Food And Beverages,51.28,6,15.384,323.064,19-01-2019,16:31:00,Cash,307.68,4.761904762,15.384,6.5
439-54-7422,Alex,Yangon,Normal,Female,Electronic Accessories,51.19,4,10.238,214.998,18-03-2019,17:15:00,Credit Card,204.76,4.761904762,10.238,4.7
730-61-8757,Cairo,Mandalay,Member,Male,Health And Beauty,51.13,4,10.226,214.746,25-01-2019,10:11:00,Credit Card,204.52,4.761904762,10.226,4
533-66-5566,Cairo,Mandalay,Normal,Female,Home And Lifestyle,51.07,7,17.8745,375.3645,01-12-2019,11:42:00,Cash,357.49,4.761904762,17.8745,7
472-15-9636,Alex,Yangon,Normal,Male,Home And Lifestyle,50.93,8,20.372,427.812,22-03-2019,19:36:00,Ewallet,407.44,4.761904762,20.372,9.2
449-16-6770,Alex,Yangon,Normal,Male,Health And Beauty,50.79,5,12.6975,266.6475,19-02-2019,14:53:00,Credit Card,253.95,4.761904762,12.6975,5.3
577-34-7579,Giza,Naypyitaw,Member,Male,Food And Beverages,50.49,9,22.7205,477.1305,01-10-2019,17:16:00,Cash,454.41,4.761904762,22.7205,5.4
811-35-1094,Cairo,Mandalay,Member,Male,Electronic Accessories,50.45,6,15.135,317.835,02-06-2019,15:16:00,Credit Card,302.7,4.761904762,15.135,8.9
307-85-2293,Cairo,Mandalay,Normal,Male,Home And Lifestyle,50.28,5,12.57,263.97,03-07-2019,13:58:00,Ewallet,251.4,4.761904762,12.57,9.7
257-60-7754,Alex,Yangon,Normal,Female,Electronic Accessories,50.23,4,10.046,210.966,01-08-2019,17:12:00,Cash,200.92,4.761904762,10.046,9
883-69-1285,Cairo,Mandalay,Member,Male,Fashion Accessories,49.92,2,4.992,104.832,03-06-2019,11:55:00,Credit Card,99.84,4.761904762,4.992,7
544-32-5024,Giza,Naypyitaw,Member,Female,Food And Beverages,49.79,4,9.958,209.118,28-03-2019,19:16:00,Credit Card,199.16,4.761904762,9.958,6.4
438-01-4015,Cairo,Mandalay,Member,Female,Sports And Travel,49.49,4,9.898,207.858,21-03-2019,15:25:00,Ewallet,197.96,4.761904762,9.898,6.6
633-44-8566,Alex,Yangon,Member,Female,Food And Beverages,49.38,7,17.283,362.943,27-03-2019,20:35:00,Credit Card,345.66,4.761904762,17.283,7.3
718-57-9773,Giza,Naypyitaw,Normal,Female,Sports And Travel,49.33,10,24.665,517.965,02-03-2019,16:40:00,Credit Card,493.3,4.761904762,24.665,9.4
370-96-0655,Giza,Naypyitaw,Normal,Female,Fashion Accessories,49.32,6,14.796,310.716,01-09-2019,13:46:00,Ewallet,295.92,4.761904762,14.796,7.1
241-96-5076,Cairo,Mandalay,Member,Female,Home And Lifestyle,49.1,2,4.91,103.11,01-08-2019,12:58:00,Credit Card,98.2,4.761904762,4.91,6.4
263-10-3913,Giza,Naypyitaw,Member,Female,Fashion Accessories,49.04,9,22.068,463.428,01-09-2019,14:20:00,Credit Card,441.36,4.761904762,22.068,8.6
624-01-8356,Cairo,Mandalay,Normal,Female,Home And Lifestyle,49.01,10,24.505,514.605,27-01-2019,10:44:00,Credit Card,490.1,4.761904762,24.505,4.2
759-29-9521,Alex,Yangon,Member,Female,Fashion Accessories,48.96,9,22.032,462.672,03-04-2019,11:27:00,Cash,440.64,4.761904762,22.032,8
360-39-5055,Giza,Naypyitaw,Member,Female,Sports And Travel,48.91,5,12.2275,256.7775,03-09-2019,10:17:00,Cash,244.55,4.761904762,12.2275,6.6
163-56-7055,Giza,Naypyitaw,Member,Female,Fashion Accessories,48.71,1,2.4355,51.1455,26-03-2019,19:20:00,Cash,48.71,4.761904762,2.4355,4.1
689-05-1884,Alex,Yangon,Member,Male,Health And Beauty,48.63,10,24.315,510.615,03-04-2019,12:44:00,Cash,486.3,4.761904762,24.315,8.8
518-17-2983,Alex,Yangon,Normal,Female,Fashion Accessories,48.63,4,9.726,204.246,02-04-2019,15:44:00,Ewallet,194.52,4.761904762,9.726,7.6
778-34-2523,Alex,Yangon,Member,Female,Electronic Accessories,48.62,8,19.448,408.408,24-01-2019,10:57:00,Cash,388.96,4.761904762,19.448,5
735-06-4124,Giza,Naypyitaw,Normal,Male,Food And Beverages,48.61,1,2.4305,51.0405,25-02-2019,15:31:00,Cash,48.61,4.761904762,2.4305,4.4
510-95-6347,Cairo,Mandalay,Member,Female,Food And Beverages,48.52,3,7.278,152.838,03-05-2019,18:17:00,Ewallet,145.56,4.761904762,7.278,4
283-79-9594,Cairo,Mandalay,Normal,Female,Food And Beverages,48.51,7,16.9785,356.5485,25-01-2019,13:30:00,Credit Card,339.57,4.761904762,16.9785,5.2
130-67-4723,Alex,Yangon,Member,Male,Food And Beverages,48.5,6,14.55,305.55,01-11-2019,13:57:00,Ewallet,291,4.761904762,14.55,9.4
387-49-4215,Cairo,Mandalay,Member,Female,Sports And Travel,48.5,3,7.275,152.775,01-08-2019,12:50:00,Cash,145.5,4.761904762,7.275,6.7
378-07-7001,Cairo,Mandalay,Member,Male,Electronic Accessories,48.09,3,7.2135,151.4835,02-10-2019,18:23:00,Credit Card,144.27,4.761904762,7.2135,7.8
566-19-5475,Cairo,Mandalay,Normal,Male,Fashion Accessories,47.97,7,16.7895,352.5795,01-07-2019,20:52:00,Cash,335.79,4.761904762,16.7895,6.2
408-66-6712,Giza,Naypyitaw,Member,Female,Health And Beauty,47.71,6,14.313,300.573,16-02-2019,14:19:00,Ewallet,286.26,4.761904762,14.313,4.4
186-43-8965,Alex,Yangon,Member,Female,Home And Lifestyle,47.68,2,4.768,100.128,24-02-2019,10:10:00,Credit Card,95.36,4.761904762,4.768,4.1
565-17-3836,Alex,Yangon,Member,Female,Health And Beauty,47.67,4,9.534,200.214,03-12-2019,14:21:00,Cash,190.68,4.761904762,9.534,9.1
633-09-3463,Giza,Naypyitaw,Normal,Female,Electronic Accessories,47.65,3,7.1475,150.0975,28-03-2019,12:58:00,Credit Card,142.95,4.761904762,7.1475,9.5
316-66-3011,Alex,Yangon,Member,Female,Food And Beverages,47.63,9,21.4335,450.1035,23-01-2019,12:35:00,Cash,428.67,4.761904762,21.4335,5
530-90-9855,Alex,Yangon,Member,Male,Home And Lifestyle,47.59,8,19.036,399.756,01-01-2019,14:47:00,Cash,380.72,4.761904762,19.036,5.7
837-55-7229,Cairo,Mandalay,Normal,Female,Fashion Accessories,47.44,1,2.372,49.812,22-02-2019,18:19:00,Credit Card,47.44,4.761904762,2.372,6.8
565-80-5980,Giza,Naypyitaw,Member,Female,Home And Lifestyle,47.38,4,9.476,198.996,23-01-2019,10:25:00,Cash,189.52,4.761904762,9.476,7.1
409-49-6995,Giza,Naypyitaw,Member,Female,Food And Beverages,47.27,6,14.181,297.801,02-05-2019,10:17:00,Cash,283.62,4.761904762,14.181,8.8
190-59-3964,Cairo,Mandalay,Member,Male,Food And Beverages,47.16,5,11.79,247.59,02-03-2019,14:35:00,Credit Card,235.8,4.761904762,11.79,6
365-64-0515,Alex,Yangon,Member,Female,Electronic Accessories,46.95,5,11.7375,246.4875,02-12-2019,10:25:00,Ewallet,234.75,4.761904762,11.7375,7.1
689-16-9784,Giza,Naypyitaw,Normal,Male,Food And Beverages,46.77,6,14.031,294.651,03-11-2019,13:37:00,Cash,280.62,4.761904762,14.031,6
123-35-4896,Giza,Naypyitaw,Normal,Female,Sports And Travel,46.66,9,20.997,440.937,17-02-2019,19:11:00,Ewallet,419.94,4.761904762,20.997,5.3
702-72-0487,Alex,Yangon,Normal,Female,Electronic Accessories,46.61,2,4.661,97.881,26-02-2019,12:28:00,Credit Card,93.22,4.761904762,4.661,6.6
325-90-8763,Giza,Naypyitaw,Member,Female,Electronic Accessories,46.57,10,23.285,488.985,27-01-2019,13:58:00,Cash,465.7,4.761904762,23.285,7.6
845-51-0542,Cairo,Mandalay,Member,Male,Food And Beverages,46.55,9,20.9475,439.8975,02-02-2019,15:34:00,Ewallet,418.95,4.761904762,20.9475,6.4
302-15-2162,Giza,Naypyitaw,Member,Male,Health And Beauty,46.53,6,13.959,293.139,03-03-2019,10:54:00,Credit Card,279.18,4.761904762,13.959,4.3
732-04-5373,Cairo,Mandalay,Member,Male,Home And Lifestyle,46.47,4,9.294,195.174,02-08-2019,10:53:00,Cash,185.88,4.761904762,9.294,7
656-16-1063,Cairo,Mandalay,Normal,Male,Sports And Travel,46.42,3,6.963,146.223,01-04-2019,13:24:00,Credit Card,139.26,4.761904762,6.963,4.4
651-96-5970,Alex,Yangon,Normal,Male,Fashion Accessories,46.41,1,2.3205,48.7305,03-03-2019,20:06:00,Credit Card,46.41,4.761904762,2.3205,4
631-41-3108,Alex,Yangon,Normal,Female,Home And Lifestyle,46.33,7,16.2155,340.5255,03-03-2019,13:23:00,Credit Card,324.31,4.761904762,16.2155,7.4
458-41-1477,Giza,Naypyitaw,Normal,Female,Health And Beauty,46.26,6,13.878,291.438,03-08-2019,17:11:00,Credit Card,277.56,4.761904762,13.878,9.5
651-61-0874,Giza,Naypyitaw,Normal,Male,Home And Lifestyle,46.22,4,9.244,194.124,03-12-2019,20:04:00,Credit Card,184.88,4.761904762,9.244,6.2
318-81-2368,Giza,Naypyitaw,Normal,Female,Electronic Accessories,46.2,1,2.31,48.51,19-03-2019,12:16:00,Cash,46.2,4.761904762,2.31,6.3
430-02-3888,Cairo,Mandalay,Normal,Male,Electronic Accessories,46.02,6,13.806,289.926,02-07-2019,15:55:00,Cash,276.12,4.761904762,13.806,7.1
509-10-0516,Cairo,Mandalay,Normal,Male,Home And Lifestyle,45.97,4,9.194,193.074,02-09-2019,12:02:00,Ewallet,183.88,4.761904762,9.194,5.1
101-17-6199,Alex,Yangon,Normal,Male,Food And Beverages,45.79,7,16.0265,336.5565,13-03-2019,19:44:00,Credit Card,320.53,4.761904762,16.0265,7
453-12-7053,Giza,Naypyitaw,Normal,Male,Fashion Accessories,45.74,3,6.861,144.081,03-10-2019,17:38:00,Credit Card,137.22,4.761904762,6.861,6.5
734-91-1155,Cairo,Mandalay,Normal,Female,Electronic Accessories,45.71,3,6.8565,143.9865,26-03-2019,10:34:00,Credit Card,137.13,4.761904762,6.8565,7.7
809-69-9497,Alex,Yangon,Normal,Female,Home And Lifestyle,45.68,10,22.84,479.64,19-01-2019,19:30:00,Ewallet,456.8,4.761904762,22.84,5.7
460-93-5834,Alex,Yangon,Normal,Male,Sports And Travel,45.58,7,15.953,335.013,13-01-2019,10:03:00,Cash,319.06,4.761904762,15.953,5
560-49-6611,Alex,Yangon,Member,Female,Sports And Travel,45.58,1,2.279,47.859,02-07-2019,14:13:00,Cash,45.58,4.761904762,2.279,9.8
811-03-8790,Alex,Yangon,Normal,Female,Electronic Accessories,45.48,10,22.74,477.54,03-01-2019,10:22:00,Credit Card,454.8,4.761904762,22.74,4.8
477-59-2456,Giza,Naypyitaw,Normal,Female,Fashion Accessories,45.44,7,15.904,333.984,23-01-2019,11:15:00,Cash,318.08,4.761904762,15.904,9.2
750-57-9686,Giza,Naypyitaw,Normal,Female,Home And Lifestyle,45.38,4,9.076,190.596,01-08-2019,13:48:00,Credit Card,181.52,4.761904762,9.076,8.7
788-21-5741,Alex,Yangon,Normal,Male,Fashion Accessories,45.38,3,6.807,142.947,17-02-2019,13:34:00,Credit Card,136.14,4.761904762,6.807,7.2
239-36-3640,Cairo,Mandalay,Normal,Male,Electronic Accessories,45.35,6,13.605,285.705,31-01-2019,13:44:00,Ewallet,272.1,4.761904762,13.605,6.1
225-32-0908,Giza,Naypyitaw,Member,Female,Sports And Travel,44.86,10,22.43,471.03,26-01-2019,19:54:00,Ewallet,448.6,4.761904762,22.43,8.2
377-79-7592,Giza,Naypyitaw,Member,Female,Electronic Accessories,44.84,9,20.178,423.738,14-01-2019,14:00:00,Credit Card,403.56,4.761904762,20.178,7.5
150-89-8043,Alex,Yangon,Normal,Male,Sports And Travel,44.65,3,6.6975,140.6475,14-02-2019,15:04:00,Cash,133.95,4.761904762,6.6975,6.2
670-71-7306,Cairo,Mandalay,Normal,Male,Sports And Travel,44.63,6,13.389,281.169,01-02-2019,20:08:00,Credit Card,267.78,4.761904762,13.389,5.1
162-48-8011,Alex,Yangon,Member,Female,Food And Beverages,44.59,5,11.1475,234.0975,02-10-2019,15:10:00,Cash,222.95,4.761904762,11.1475,8.5
106-35-6779,Alex,Yangon,Member,Female,Home And Lifestyle,44.34,2,4.434,93.114,27-03-2019,11:26:00,Cash,88.68,4.761904762,4.434,5.8
755-12-3214,Giza,Naypyitaw,Member,Female,Fashion Accessories,44.22,5,11.055,232.155,03-05-2019,17:07:00,Credit Card,221.1,4.761904762,11.055,8.6
776-68-1096,Cairo,Mandalay,Normal,Male,Home And Lifestyle,44.12,3,6.618,138.978,18-03-2019,13:45:00,Credit Card,132.36,4.761904762,6.618,7.9
787-15-1757,Giza,Naypyitaw,Member,Male,Health And Beauty,44.07,4,8.814,185.094,18-02-2019,16:28:00,Ewallet,176.28,4.761904762,8.814,8.4
828-61-5674,Alex,Yangon,Member,Male,Sports And Travel,44.02,10,22.01,462.21,20-03-2019,19:57:00,Credit Card,440.2,4.761904762,22.01,9.6
468-99-7231,Giza,Naypyitaw,Normal,Female,Home And Lifestyle,44.01,8,17.604,369.684,03-03-2019,17:36:00,Cash,352.08,4.761904762,17.604,8.8
848-24-9445,Giza,Naypyitaw,Member,Male,Health And Beauty,43.7,2,4.37,91.77,26-03-2019,18:03:00,Cash,87.4,4.761904762,4.37,4.9
641-96-3695,Giza,Naypyitaw,Member,Female,Fashion Accessories,43.46,6,13.038,273.798,02-07-2019,17:55:00,Ewallet,260.76,4.761904762,13.038,8.5
574-57-9721,Giza,Naypyitaw,Normal,Male,Food And Beverages,43.27,2,4.327,90.867,03-08-2019,16:53:00,Ewallet,86.54,4.761904762,4.327,5.7
213-72-6612,Alex,Yangon,Normal,Male,Food And Beverages,43.25,2,4.325,90.825,20-03-2019,15:56:00,Cash,86.5,4.761904762,4.325,6.2
252-56-2699,Alex,Yangon,Member,Female,Food And Beverages,43.19,10,21.595,453.495,02-07-2019,16:48:00,Ewallet,431.9,4.761904762,21.595,8.2
894-41-5205,Giza,Naypyitaw,Normal,Female,Food And Beverages,43.18,8,17.272,362.712,19-01-2019,19:39:00,Credit Card,345.44,4.761904762,17.272,8.3
405-31-3305,Alex,Yangon,Member,Male,Fashion Accessories,43.13,10,21.565,452.865,02-02-2019,18:31:00,Credit Card,431.3,4.761904762,21.565,5.5
695-28-6250,Alex,Yangon,Normal,Female,Sports And Travel,43.06,5,10.765,226.065,02-04-2019,16:38:00,Ewallet,215.3,4.761904762,10.765,7.7
834-45-5519,Cairo,Mandalay,Normal,Female,Electronic Accessories,43,4,8.6,180.6,31-01-2019,20:48:00,Ewallet,172,4.761904762,8.6,7.6
322-02-2271,Cairo,Mandalay,Normal,Female,Sports And Travel,42.97,3,6.4455,135.3555,02-03-2019,11:46:00,Cash,128.91,4.761904762,6.4455,9.3
209-61-0206,Alex,Yangon,Normal,Female,Home And Lifestyle,42.91,5,10.7275,225.2775,01-05-2019,17:29:00,Ewallet,214.55,4.761904762,10.7275,6.1
722-13-2115,Giza,Naypyitaw,Member,Male,Sports And Travel,42.85,1,2.1425,44.9925,14-03-2019,15:36:00,Credit Card,42.85,4.761904762,2.1425,9.3
374-17-3652,Cairo,Mandalay,Member,Female,Food And Beverages,42.82,9,19.269,404.649,02-05-2019,15:26:00,Credit Card,385.38,4.761904762,19.269,8.9
505-02-0892,Cairo,Mandalay,Member,Male,Health And Beauty,42.57,8,17.028,357.588,25-02-2019,14:12:00,Ewallet,340.56,4.761904762,17.028,5.6
846-10-0341,Alex,Yangon,Normal,Female,Fashion Accessories,42.57,7,14.8995,312.8895,01-06-2019,11:51:00,Cash,297.99,4.761904762,14.8995,6.8
504-35-8843,Alex,Yangon,Member,Female,Sports And Travel,42.47,1,2.1235,44.5935,01-02-2019,16:57:00,Cash,42.47,4.761904762,2.1235,5.7
134-54-4720,Cairo,Mandalay,Normal,Female,Electronic Accessories,42.42,8,16.968,356.328,30-01-2019,13:58:00,Ewallet,339.36,4.761904762,16.968,5.7
382-25-8917,Giza,Naypyitaw,Normal,Male,Fashion Accessories,42.08,6,12.624,265.104,29-01-2019,12:25:00,Cash,252.48,4.761904762,12.624,8.9
712-39-0363,Alex,Yangon,Member,Male,Food And Beverages,41.66,6,12.498,262.458,01-02-2019,15:24:00,Ewallet,249.96,4.761904762,12.498,5.6
732-94-0499,Giza,Naypyitaw,Member,Female,Electronic Accessories,41.65,10,20.825,437.325,13-01-2019,17:04:00,Credit Card,416.5,4.761904762,20.825,5.4
699-01-4164,Giza,Naypyitaw,Normal,Male,Health And Beauty,41.5,4,8.3,174.3,03-12-2019,19:58:00,Credit Card,166,4.761904762,8.3,8.2
760-53-9233,Alex,Yangon,Member,Male,Fashion Accessories,41.28,3,6.192,130.032,26-03-2019,18:37:00,Credit Card,123.84,4.761904762,6.192,8.5
272-27-9238,Giza,Naypyitaw,Normal,Female,Food And Beverages,41.24,4,8.248,173.208,19-02-2019,16:23:00,Cash,164.96,4.761904762,8.248,7.1
709-58-4068,Cairo,Mandalay,Normal,Female,Fashion Accessories,41.09,10,20.545,431.445,28-02-2019,14:42:00,Cash,410.9,4.761904762,20.545,7.3
793-10-3222,Cairo,Mandalay,Member,Female,Health And Beauty,41.06,6,12.318,258.678,03-05-2019,13:30:00,Credit Card,246.36,4.761904762,12.318,8.3
662-72-2873,Alex,Yangon,Normal,Female,Food And Beverages,40.94,5,10.235,214.935,01-06-2019,13:58:00,Ewallet,204.7,4.761904762,10.235,9.9
810-60-6344,Giza,Naypyitaw,Normal,Female,Electronic Accessories,40.86,8,16.344,343.224,02-07-2019,14:38:00,Credit Card,326.88,4.761904762,16.344,6.5
427-45-9297,Cairo,Mandalay,Member,Female,Home And Lifestyle,40.73,7,14.2555,299.3655,03-12-2019,11:01:00,Ewallet,285.11,4.761904762,14.2555,5.4
679-22-6530,Cairo,Mandalay,Normal,Female,Sports And Travel,40.62,2,4.062,85.302,17-01-2019,10:01:00,Credit Card,81.24,4.761904762,4.062,4.1
198-84-7132,Cairo,Mandalay,Member,Male,Fashion Accessories,40.61,9,18.2745,383.7645,01-02-2019,13:40:00,Cash,365.49,4.761904762,18.2745,7
639-76-1242,Giza,Naypyitaw,Normal,Male,Food And Beverages,40.52,5,10.13,212.73,02-03-2019,15:19:00,Cash,202.6,4.761904762,10.13,4.5
233-67-5758,Giza,Naypyitaw,Normal,Male,Health And Beauty,40.35,1,2.0175,42.3675,29-01-2019,13:46:00,Ewallet,40.35,4.761904762,2.0175,6.2
139-20-0155,Cairo,Mandalay,Member,Male,Electronic Accessories,40.3,10,20.15,423.15,24-01-2019,17:37:00,Credit Card,403,4.761904762,20.15,7
319-50-3348,Cairo,Mandalay,Member,Female,Home And Lifestyle,40.3,2,4.03,84.63,03-11-2019,15:30:00,Ewallet,80.6,4.761904762,4.03,4.4
380-60-5336,Alex,Yangon,Normal,Female,Electronic Accessories,40.26,10,20.13,422.73,24-02-2019,18:06:00,Credit Card,402.6,4.761904762,20.13,5
286-01-5402,Alex,Yangon,Normal,Female,Sports And Travel,40.23,7,14.0805,295.6905,30-03-2019,13:22:00,Cash,281.61,4.761904762,14.0805,9.6
340-21-9136,Alex,Yangon,Member,Female,Sports And Travel,40.05,4,8.01,168.21,25-01-2019,11:40:00,Cash,160.2,4.761904762,8.01,9.7
503-21-4385,Cairo,Mandalay,Member,Male,Health And Beauty,39.91,3,5.9865,125.7165,21-02-2019,12:40:00,Ewallet,119.73,4.761904762,5.9865,9.3
548-46-9322,Cairo,Mandalay,Normal,Male,Food And Beverages,39.9,10,19.95,418.95,20-02-2019,15:24:00,Credit Card,399,4.761904762,19.95,5.9
831-64-0259,Cairo,Mandalay,Normal,Female,Fashion Accessories,39.75,5,9.9375,208.6875,22-02-2019,10:43:00,Ewallet,198.75,4.761904762,9.9375,9.6
608-05-3804,Cairo,Mandalay,Member,Male,Electronic Accessories,39.75,1,1.9875,41.7375,25-02-2019,20:19:00,Cash,39.75,4.761904762,1.9875,6.1
397-25-8725,Alex,Yangon,Member,Female,Health And Beauty,39.62,9,17.829,374.409,13-01-2019,17:54:00,Credit Card,356.58,4.761904762,17.829,6.8
191-10-6171,Cairo,Mandalay,Normal,Female,Fashion Accessories,39.62,7,13.867,291.207,25-01-2019,13:18:00,Cash,277.34,4.761904762,13.867,7.5
528-87-5606,Cairo,Mandalay,Member,Female,Electronic Accessories,39.48,1,1.974,41.454,02-12-2019,19:43:00,Cash,39.48,4.761904762,1.974,6.5
860-73-6466,Alex,Yangon,Member,Female,Sports And Travel,39.47,2,3.947,82.887,03-02-2019,16:16:00,Credit Card,78.94,4.761904762,3.947,5
110-05-6330,Giza,Naypyitaw,Normal,Female,Food And Beverages,39.43,6,11.829,248.409,25-03-2019,20:18:00,Credit Card,236.58,4.761904762,11.829,9.4
622-20-1945,Giza,Naypyitaw,Normal,Female,Health And Beauty,39.42,1,1.971,41.391,18-01-2019,15:08:00,Cash,39.42,4.761904762,1.971,8.4
521-18-7827,Giza,Naypyitaw,Member,Male,Home And Lifestyle,39.39,5,9.8475,206.7975,22-01-2019,20:46:00,Credit Card,196.95,4.761904762,9.8475,8.7
286-62-6248,Cairo,Mandalay,Normal,Male,Fashion Accessories,39.21,4,7.842,164.682,16-01-2019,20:03:00,Credit Card,156.84,4.761904762,7.842,9
449-27-2918,Cairo,Mandalay,Member,Female,Sports And Travel,39.12,1,1.956,41.076,26-03-2019,11:02:00,Credit Card,39.12,4.761904762,1.956,9.6
573-10-3877,Cairo,Mandalay,Member,Male,Health And Beauty,39.01,1,1.9505,40.9605,03-12-2019,16:46:00,Credit Card,39.01,4.761904762,1.9505,4.7
701-23-5550,Cairo,Mandalay,Member,Male,Home And Lifestyle,38.81,4,7.762,163.002,19-03-2019,13:40:00,Ewallet,155.24,4.761904762,7.762,4.9
509-29-3912,Alex,Yangon,Member,Female,Sports And Travel,38.72,9,17.424,365.904,20-03-2019,12:24:00,Ewallet,348.48,4.761904762,17.424,4.2
266-76-6436,Giza,Naypyitaw,Member,Female,Food And Beverages,38.6,3,5.79,121.59,28-03-2019,13:57:00,Ewallet,115.8,4.761904762,5.79,7.5
575-67-1508,Alex,Yangon,Normal,Male,Electronic Accessories,38.6,1,1.93,40.53,29-01-2019,11:26:00,Ewallet,38.6,4.761904762,1.93,6.7
288-62-1085,Alex,Yangon,Member,Male,Fashion Accessories,38.54,5,9.635,202.335,01-09-2019,13:34:00,Ewallet,192.7,4.761904762,9.635,5.6
434-83-9547,Giza,Naypyitaw,Member,Male,Food And Beverages,38.47,8,15.388,323.148,23-01-2019,11:51:00,Cash,307.76,4.761904762,15.388,7.7
390-17-5806,Giza,Naypyitaw,Member,Female,Food And Beverages,38.42,1,1.921,40.341,02-02-2019,16:33:00,Cash,38.42,4.761904762,1.921,8.6
655-85-5130,Cairo,Mandalay,Member,Female,Fashion Accessories,38.3,4,7.66,160.86,13-03-2019,19:22:00,Cash,153.2,4.761904762,7.66,5.7
172-42-8274,Cairo,Mandalay,Normal,Female,Electronic Accessories,38.27,2,3.827,80.367,03-02-2019,18:18:00,Credit Card,76.54,4.761904762,3.827,5.8
173-82-9529,Cairo,Mandalay,Normal,Female,Fashion Accessories,37.95,10,18.975,398.475,26-01-2019,14:51:00,Cash,379.5,4.761904762,18.975,9.7
546-80-2899,Alex,Yangon,Member,Male,Home And Lifestyle,37.69,2,3.769,79.149,20-02-2019,15:29:00,Ewallet,75.38,4.761904762,3.769,9.5
632-90-0281,Giza,Naypyitaw,Normal,Female,Fashion Accessories,37.55,10,18.775,394.275,03-08-2019,20:01:00,Credit Card,375.5,4.761904762,18.775,9.3
356-44-8813,Cairo,Mandalay,Normal,Male,Home And Lifestyle,37.48,3,5.622,118.062,20-01-2019,13:45:00,Credit Card,112.44,4.761904762,5.622,7.7
609-81-8548,Alex,Yangon,Member,Female,Home And Lifestyle,37.44,6,11.232,235.872,02-06-2019,13:55:00,Credit Card,224.64,4.761904762,11.232,5.9
149-15-7606,Cairo,Mandalay,Member,Male,Sports And Travel,37.32,9,16.794,352.674,03-06-2019,15:31:00,Ewallet,335.88,4.761904762,16.794,5.1
440-59-5691,Giza,Naypyitaw,Member,Female,Health And Beauty,37.15,7,13.0025,273.0525,02-08-2019,13:12:00,Credit Card,260.05,4.761904762,13.0025,7.7
795-49-7276,Alex,Yangon,Normal,Male,Fashion Accessories,37.15,4,7.43,156.03,23-03-2019,18:59:00,Ewallet,148.6,4.761904762,7.43,8.3
674-15-9296,Alex,Yangon,Normal,Male,Sports And Travel,37.14,5,9.285,194.985,01-08-2019,13:05:00,Ewallet,185.7,4.761904762,9.285,5
583-72-1480,Giza,Naypyitaw,Member,Male,Electronic Accessories,37.06,4,7.412,155.652,31-01-2019,16:24:00,Ewallet,148.24,4.761904762,7.412,9.7
554-53-3790,Cairo,Mandalay,Normal,Male,Sports And Travel,37.02,6,11.106,233.226,22-03-2019,18:33:00,Cash,222.12,4.761904762,11.106,4.5
523-38-0215,Giza,Naypyitaw,Normal,Male,Home And Lifestyle,37,1,1.85,38.85,03-06-2019,13:29:00,Credit Card,37,4.761904762,1.85,7.9
493-65-6248,Giza,Naypyitaw,Member,Female,Sports And Travel,36.98,10,18.49,388.29,01-01-2019,19:48:00,Credit Card,369.8,4.761904762,18.49,7
448-34-8700,Cairo,Mandalay,Member,Male,Home And Lifestyle,36.91,7,12.9185,271.2885,02-10-2019,13:51:00,Ewallet,258.37,4.761904762,12.9185,6.7
258-69-7810,Giza,Naypyitaw,Normal,Female,Fashion Accessories,36.85,5,9.2125,193.4625,26-01-2019,18:53:00,Cash,184.25,4.761904762,9.2125,9.2
592-46-1692,Giza,Naypyitaw,Member,Female,Food And Beverages,36.77,7,12.8695,270.2595,01-11-2019,20:10:00,Cash,257.39,4.761904762,12.8695,7.4
895-03-6665,Cairo,Mandalay,Normal,Female,Fashion Accessories,36.51,9,16.4295,345.0195,16-02-2019,10:52:00,Cash,328.59,4.761904762,16.4295,4.2
340-66-0321,Alex,Yangon,Member,Male,Electronic Accessories,36.36,4,7.272,152.712,25-03-2019,13:07:00,Cash,145.44,4.761904762,7.272,7.6
316-68-6352,Alex,Yangon,Member,Female,Food And Beverages,36.36,2,3.636,76.356,21-01-2019,10:00:00,Cash,72.72,4.761904762,3.636,7.1
665-32-9167,Alex,Yangon,Member,Female,Health And Beauty,36.26,2,3.626,76.146,01-10-2019,17:15:00,Credit Card,72.52,4.761904762,3.626,7.2
729-46-7422,Giza,Naypyitaw,Normal,Male,Food And Beverages,35.89,1,1.7945,37.6845,23-02-2019,16:52:00,Credit Card,35.89,4.761904762,1.7945,7.9
373-88-1424,Giza,Naypyitaw,Member,Male,Home And Lifestyle,35.81,5,8.9525,188.0025,02-06-2019,18:44:00,Ewallet,179.05,4.761904762,8.9525,7.9
246-55-6923,Giza,Naypyitaw,Member,Female,Home And Lifestyle,35.79,9,16.1055,338.2155,03-10-2019,15:06:00,Credit Card,322.11,4.761904762,16.1055,5.1
785-96-0615,Cairo,Mandalay,Member,Female,Electronic Accessories,35.74,8,14.296,300.216,17-02-2019,15:28:00,Ewallet,285.92,4.761904762,14.296,4.9
258-92-7466,Alex,Yangon,Normal,Female,Health And Beauty,35.68,5,8.92,187.32,02-06-2019,18:33:00,Credit Card,178.4,4.761904762,8.92,6.6
731-14-2199,Alex,Yangon,Member,Female,Home And Lifestyle,35.54,10,17.77,373.17,01-04-2019,13:34:00,Ewallet,355.4,4.761904762,17.77,7
717-96-4189,Giza,Naypyitaw,Normal,Female,Electronic Accessories,35.49,6,10.647,223.587,02-02-2019,12:40:00,Cash,212.94,4.761904762,10.647,4.1
808-65-0703,Giza,Naypyitaw,Normal,Male,Home And Lifestyle,35.47,4,7.094,148.974,14-03-2019,17:22:00,Credit Card,141.88,4.761904762,7.094,6.9
843-01-4703,Cairo,Mandalay,Member,Female,Home And Lifestyle,35.38,9,15.921,334.341,01-05-2019,19:50:00,Credit Card,318.42,4.761904762,15.921,9.6
457-12-0244,Giza,Naypyitaw,Member,Female,Sports And Travel,35.22,6,10.566,221.886,14-03-2019,13:49:00,Ewallet,211.32,4.761904762,10.566,6.5
662-47-5456,Giza,Naypyitaw,Member,Male,Fashion Accessories,35.19,10,17.595,369.495,17-03-2019,19:06:00,Credit Card,351.9,4.761904762,17.595,8.4
146-09-5432,Alex,Yangon,Member,Male,Food And Beverages,35.04,9,15.768,331.128,02-09-2019,19:17:00,Ewallet,315.36,4.761904762,15.768,4.6
695-51-0018,Cairo,Mandalay,Normal,Female,Sports And Travel,34.84,4,6.968,146.328,02-10-2019,18:36:00,Cash,139.36,4.761904762,6.968,7.4
320-85-2052,Cairo,Mandalay,Normal,Female,Sports And Travel,34.81,1,1.7405,36.5505,14-01-2019,10:11:00,Credit Card,34.81,4.761904762,1.7405,7
220-28-1851,Alex,Yangon,Normal,Male,Home And Lifestyle,34.73,2,3.473,72.933,03-01-2019,18:14:00,Ewallet,69.46,4.761904762,3.473,9.7
686-41-0932,Cairo,Mandalay,Normal,Female,Fashion Accessories,34.7,2,3.47,72.87,13-03-2019,19:48:00,Ewallet,69.4,4.761904762,3.47,8.2
584-86-7256,Giza,Naypyitaw,Member,Male,Sports And Travel,34.56,7,12.096,254.016,03-11-2019,16:07:00,Credit Card,241.92,4.761904762,12.096,7.3
636-48-8204,Alex,Yangon,Member,Female,Electronic Accessories,34.56,5,8.64,181.44,17-02-2019,11:15:00,Ewallet,172.8,4.761904762,8.64,9.9
214-30-2776,Cairo,Mandalay,Member,Female,Electronic Accessories,34.49,5,8.6225,181.0725,03-11-2019,19:44:00,Credit Card,172.45,4.761904762,8.6225,9
354-39-5160,Alex,Yangon,Member,Female,Home And Lifestyle,34.42,6,10.326,216.846,18-02-2019,15:39:00,Cash,206.52,4.761904762,10.326,9.8
291-55-6563,Alex,Yangon,Member,Female,Home And Lifestyle,34.42,6,10.326,216.846,30-03-2019,12:45:00,Ewallet,206.52,4.761904762,10.326,7.5
701-69-8742,Cairo,Mandalay,Normal,Male,Sports And Travel,34.37,10,17.185,360.885,16-03-2019,10:11:00,Ewallet,343.7,4.761904762,17.185,6.7
824-88-3614,Giza,Naypyitaw,Normal,Male,Health And Beauty,34.31,8,13.724,288.204,25-01-2019,15:00:00,Ewallet,274.48,4.761904762,13.724,5.7
244-08-0162,Cairo,Mandalay,Normal,Female,Health And Beauty,34.21,10,17.105,359.205,01-02-2019,13:00:00,Cash,342.1,4.761904762,17.105,5.1
345-08-4992,Alex,Yangon,Normal,Male,Home And Lifestyle,33.99,6,10.197,214.137,03-08-2019,15:37:00,Credit Card,203.94,4.761904762,10.197,7.7
588-01-7461,Giza,Naypyitaw,Member,Female,Food And Beverages,33.98,9,15.291,321.111,24-03-2019,10:43:00,Cash,305.82,4.761904762,15.291,4.2
832-51-6761,Alex,Yangon,Normal,Male,Food And Beverages,33.88,8,13.552,284.592,19-01-2019,20:29:00,Ewallet,271.04,4.761904762,13.552,9.6
827-26-2100,Alex,Yangon,Member,Male,Home And Lifestyle,33.84,9,15.228,319.788,21-03-2019,16:21:00,Ewallet,304.56,4.761904762,15.228,8.8
176-78-1170,Giza,Naypyitaw,Member,Male,Health And Beauty,33.81,3,5.0715,106.5015,26-01-2019,15:11:00,Ewallet,101.43,4.761904762,5.0715,7.3
556-41-6224,Giza,Naypyitaw,Normal,Male,Health And Beauty,33.64,8,13.456,282.576,15-02-2019,17:10:00,Credit Card,269.12,4.761904762,13.456,9.3
574-31-8277,Cairo,Mandalay,Member,Male,Fashion Accessories,33.63,1,1.6815,35.3115,20-03-2019,19:55:00,Cash,33.63,4.761904762,1.6815,5.6
649-29-6775,Cairo,Mandalay,Member,Female,Fashion Accessories,33.52,1,1.676,35.196,02-08-2019,15:31:00,Cash,33.52,4.761904762,1.676,6.7
838-78-4295,Giza,Naypyitaw,Member,Female,Health And Beauty,33.47,2,3.347,70.287,02-10-2019,15:43:00,Ewallet,66.94,4.761904762,3.347,6.7
794-42-3736,Cairo,Mandalay,Normal,Male,Food And Beverages,33.33,2,3.333,69.993,26-01-2019,14:41:00,Credit Card,66.66,4.761904762,3.333,6.4
558-60-5016,Alex,Yangon,Normal,Female,Home And Lifestyle,33.3,9,14.985,314.685,03-04-2019,15:27:00,Ewallet,299.7,4.761904762,14.985,7.2
485-30-8700,Alex,Yangon,Normal,Female,Sports And Travel,33.26,5,8.315,174.615,18-03-2019,16:10:00,Credit Card,166.3,4.761904762,8.315,4.2
490-95-0021,Cairo,Mandalay,Member,Female,Food And Beverages,33.21,10,16.605,348.705,01-08-2019,14:25:00,Ewallet,332.1,4.761904762,16.605,6
273-16-6619,Cairo,Mandalay,Member,Female,Home And Lifestyle,33.2,2,3.32,69.72,15-03-2019,12:20:00,Credit Card,66.4,4.761904762,3.32,4.4
634-97-8956,Alex,Yangon,Normal,Male,Food And Beverages,32.9,3,4.935,103.635,17-02-2019,17:27:00,Credit Card,98.7,4.761904762,4.935,9.1
246-11-3901,Giza,Naypyitaw,Normal,Female,Electronic Accessories,32.8,10,16.4,344.4,15-02-2019,12:12:00,Cash,328,4.761904762,16.4,6.2
831-07-6050,Alex,Yangon,Normal,Male,Electronic Accessories,32.71,5,8.1775,171.7275,19-03-2019,11:30:00,Credit Card,163.55,4.761904762,8.1775,9.9
110-48-7033,Cairo,Mandalay,Member,Male,Fashion Accessories,32.62,4,6.524,137.004,29-01-2019,14:12:00,Cash,130.48,4.761904762,6.524,9
238-49-0436,Alex,Yangon,Normal,Male,Health And Beauty,32.46,8,12.984,272.664,27-03-2019,13:48:00,Credit Card,259.68,4.761904762,12.984,4.9
725-56-0833,Alex,Yangon,Normal,Female,Health And Beauty,32.32,10,16.16,339.36,20-02-2019,16:49:00,Credit Card,323.2,4.761904762,16.16,10
176-64-7711,Cairo,Mandalay,Normal,Male,Food And Beverages,32.32,3,4.848,101.808,27-03-2019,19:11:00,Credit Card,96.96,4.761904762,4.848,4.3
870-54-3162,Alex,Yangon,Member,Female,Sports And Travel,32.25,5,8.0625,169.3125,27-01-2019,13:26:00,Cash,161.25,4.761904762,8.0625,9
151-16-1484,Alex,Yangon,Member,Male,Electronic Accessories,32.25,4,6.45,135.45,13-02-2019,12:38:00,Ewallet,129,4.761904762,6.45,6.5
311-13-6971,Cairo,Mandalay,Member,Male,Sports And Travel,31.99,10,15.995,335.895,20-02-2019,15:18:00,Credit Card,319.9,4.761904762,15.995,9.9
573-98-8548,Giza,Naypyitaw,Member,Female,Fashion Accessories,31.9,1,1.595,33.495,01-05-2019,12:40:00,Ewallet,31.9,4.761904762,1.595,9.1
727-02-1313,Alex,Yangon,Member,Male,Food And Beverages,31.84,1,1.592,33.432,02-09-2019,13:22:00,Cash,31.84,4.761904762,1.592,7.7
592-34-6155,Giza,Naypyitaw,Normal,Male,Food And Beverages,31.77,4,6.354,133.434,14-01-2019,14:43:00,Ewallet,127.08,4.761904762,6.354,6.2
830-58-2383,Cairo,Mandalay,Normal,Male,Home And Lifestyle,31.75,4,6.35,133.35,02-08-2019,15:26:00,Cash,127,4.761904762,6.35,8.6
189-08-9157,Giza,Naypyitaw,Member,Female,Fashion Accessories,31.73,9,14.2785,299.8485,01-08-2019,16:17:00,Credit Card,285.57,4.761904762,14.2785,5.9
345-68-9016,Giza,Naypyitaw,Member,Female,Sports And Travel,31.67,8,12.668,266.028,01-02-2019,16:19:00,Credit Card,253.36,4.761904762,12.668,5.6
460-35-4390,Alex,Yangon,Normal,Male,Home And Lifestyle,30.68,3,4.602,96.642,22-01-2019,11:00:00,Ewallet,92.04,4.761904762,4.602,9.1
307-04-2070,Alex,Yangon,Member,Female,Fashion Accessories,30.62,1,1.531,32.151,02-05-2019,14:14:00,Credit Card,30.62,4.761904762,1.531,4.1
120-06-4233,Giza,Naypyitaw,Member,Female,Electronic Accessories,30.61,6,9.183,192.843,03-12-2019,20:36:00,Cash,183.66,4.761904762,9.183,9.3
318-12-0304,Alex,Yangon,Normal,Male,Fashion Accessories,30.61,1,1.5305,32.1405,23-01-2019,12:20:00,Ewallet,30.61,4.761904762,1.5305,5.2
488-25-4221,Giza,Naypyitaw,Member,Female,Food And Beverages,30.41,1,1.5205,31.9305,22-02-2019,10:36:00,Credit Card,30.41,4.761904762,1.5205,8.4
573-58-9734,Cairo,Mandalay,Normal,Female,Fashion Accessories,30.37,3,4.5555,95.6655,28-03-2019,13:41:00,Ewallet,91.11,4.761904762,4.5555,5.1
716-39-1409,Cairo,Mandalay,Member,Female,Health And Beauty,30.35,7,10.6225,223.0725,19-03-2019,18:19:00,Cash,212.45,4.761904762,10.6225,8
320-49-6392,Giza,Naypyitaw,Normal,Female,Electronic Accessories,30.24,1,1.512,31.752,03-04-2019,15:44:00,Cash,30.24,4.761904762,1.512,8.4
324-41-6833,Giza,Naypyitaw,Member,Female,Electronic Accessories,30.2,8,12.08,253.68,03-03-2019,19:30:00,Ewallet,241.6,4.761904762,12.08,5.1
685-64-1609,Alex,Yangon,Member,Female,Fashion Accessories,30.14,10,15.07,316.47,02-10-2019,12:28:00,Ewallet,301.4,4.761904762,15.07,9.2
777-82-7220,Cairo,Mandalay,Member,Female,Home And Lifestyle,30.12,8,12.048,253.008,03-03-2019,13:01:00,Cash,240.96,4.761904762,12.048,7.7
704-20-4138,Giza,Naypyitaw,Member,Female,Health And Beauty,29.67,7,10.3845,218.0745,03-11-2019,18:58:00,Credit Card,207.69,4.761904762,10.3845,8.1
891-58-8335,Cairo,Mandalay,Member,Female,Sports And Travel,29.61,7,10.3635,217.6335,03-11-2019,15:53:00,Cash,207.27,4.761904762,10.3635,6.5
767-54-1907,Cairo,Mandalay,Member,Female,Fashion Accessories,29.56,5,7.39,155.19,13-02-2019,16:59:00,Cash,147.8,4.761904762,7.39,6.9
647-50-1224,Alex,Yangon,Normal,Female,Fashion Accessories,29.42,10,14.71,308.91,01-12-2019,16:23:00,Ewallet,294.2,4.761904762,14.71,8.9
271-77-8740,Giza,Naypyitaw,Member,Female,Sports And Travel,29.22,6,8.766,184.086,01-01-2019,11:40:00,Ewallet,175.32,4.761904762,8.766,5
313-66-9943,Cairo,Mandalay,Member,Female,Food And Beverages,29.15,3,4.3725,91.8225,27-03-2019,20:29:00,Credit Card,87.45,4.761904762,4.3725,7.3
421-95-9805,Alex,Yangon,Normal,Female,Electronic Accessories,28.96,1,1.448,30.408,02-07-2019,10:18:00,Credit Card,28.96,4.761904762,1.448,6.2
610-46-4100,Alex,Yangon,Normal,Male,Health And Beauty,28.95,7,10.1325,212.7825,03-03-2019,20:31:00,Credit Card,202.65,4.761904762,10.1325,6
120-54-2248,Cairo,Mandalay,Normal,Female,Food And Beverages,28.86,5,7.215,151.515,22-01-2019,18:08:00,Credit Card,144.3,4.761904762,7.215,8
727-75-6477,Giza,Naypyitaw,Normal,Male,Electronic Accessories,28.84,4,5.768,121.128,29-03-2019,14:44:00,Cash,115.36,4.761904762,5.768,6.4
263-87-5680,Giza,Naypyitaw,Member,Female,Home And Lifestyle,28.53,10,14.265,299.565,18-03-2019,17:38:00,Ewallet,285.3,4.761904762,14.265,7.8
149-14-0304,Giza,Naypyitaw,Member,Female,Health And Beauty,28.5,8,11.4,239.4,02-06-2019,14:24:00,Cash,228,4.761904762,11.4,6.6
527-09-6272,Alex,Yangon,Member,Female,Electronic Accessories,28.45,5,7.1125,149.3625,21-03-2019,10:17:00,Credit Card,142.25,4.761904762,7.1125,9.1
715-20-1673,Cairo,Mandalay,Normal,Male,Electronic Accessories,28.38,5,7.095,148.995,03-06-2019,20:57:00,Cash,141.9,4.761904762,7.095,9.4
892-05-6689,Alex,Yangon,Normal,Female,Home And Lifestyle,28.32,5,7.08,148.68,03-11-2019,13:28:00,Ewallet,141.6,4.761904762,7.08,6.2
748-45-2862,Alex,Yangon,Member,Female,Home And Lifestyle,28.31,4,5.662,118.902,03-07-2019,18:35:00,Cash,113.24,4.761904762,5.662,8.2
816-72-8853,Alex,Yangon,Member,Female,Sports And Travel,27.93,5,6.9825,146.6325,29-01-2019,15:48:00,Cash,139.65,4.761904762,6.9825,5.9
558-80-4082,Giza,Naypyitaw,Normal,Male,Electronic Accessories,27.85,7,9.7475,204.6975,14-03-2019,17:20:00,Ewallet,194.95,4.761904762,9.7475,6
595-94-9924,Alex,Yangon,Member,Female,Health And Beauty,27.73,5,6.9325,145.5825,26-03-2019,20:21:00,Credit Card,138.65,4.761904762,6.9325,4.2
235-46-8343,Giza,Naypyitaw,Member,Male,Food And Beverages,27.66,10,13.83,290.43,14-02-2019,11:26:00,Credit Card,276.6,4.761904762,13.83,8.9
453-63-6187,Cairo,Mandalay,Normal,Male,Electronic Accessories,27.5,3,4.125,86.625,03-01-2019,15:40:00,Ewallet,82.5,4.761904762,4.125,6.5
628-34-3388,Giza,Naypyitaw,Member,Female,Fashion Accessories,27.38,6,8.214,172.494,01-05-2019,20:54:00,Credit Card,164.28,4.761904762,8.214,7.9
585-86-8361,Alex,Yangon,Normal,Female,Food And Beverages,27.28,5,6.82,143.22,02-03-2019,10:31:00,Credit Card,136.4,4.761904762,6.82,8.6
390-31-6381,Giza,Naypyitaw,Normal,Male,Food And Beverages,27.22,3,4.083,85.743,01-07-2019,12:37:00,Cash,81.66,4.761904762,4.083,7.3
605-83-1050,Cairo,Mandalay,Normal,Male,Fashion Accessories,27.18,2,2.718,57.078,15-03-2019,16:26:00,Ewallet,54.36,4.761904762,2.718,4.3
296-11-7041,Cairo,Mandalay,Member,Female,Health And Beauty,27.07,1,1.3535,28.4235,01-12-2019,20:07:00,Credit Card,27.07,4.761904762,1.3535,5.3
182-52-7000,Alex,Yangon,Member,Female,Sports And Travel,27.04,4,5.408,113.568,01-01-2019,20:26:00,Ewallet,108.16,4.761904762,5.408,6.9
225-98-1496,Giza,Naypyitaw,Member,Female,Fashion Accessories,27.02,3,4.053,85.113,03-02-2019,13:01:00,Credit Card,81.06,4.761904762,4.053,7.1
565-67-6697,Cairo,Mandalay,Member,Male,Home And Lifestyle,27,9,12.15,255.15,03-02-2019,14:16:00,Cash,243,4.761904762,12.15,4.8
343-61-3544,Cairo,Mandalay,Member,Male,Sports And Travel,26.67,10,13.335,280.035,29-01-2019,11:48:00,Cash,266.7,4.761904762,13.335,8.6
462-78-5240,Giza,Naypyitaw,Normal,Female,Electronic Accessories,26.61,2,2.661,55.881,19-03-2019,14:35:00,Cash,53.22,4.761904762,2.661,4.2
518-71-6847,Cairo,Mandalay,Member,Male,Food And Beverages,26.6,6,7.98,167.58,26-02-2019,15:10:00,Ewallet,159.6,4.761904762,7.98,4.9
512-98-1403,Alex,Yangon,Member,Female,Electronic Accessories,26.48,3,3.972,83.412,21-03-2019,10:40:00,Ewallet,79.44,4.761904762,3.972,4.7
365-16-4334,Cairo,Mandalay,Normal,Female,Food And Beverages,26.43,8,10.572,222.012,24-02-2019,14:26:00,Ewallet,211.44,4.761904762,10.572,8.9
700-81-1757,Alex,Yangon,Normal,Female,Electronic Accessories,26.31,5,6.5775,138.1275,18-01-2019,20:59:00,Credit Card,131.55,4.761904762,6.5775,8.8
201-86-2184,Cairo,Mandalay,Member,Female,Electronic Accessories,26.26,7,9.191,193.011,02-02-2019,19:40:00,Cash,183.82,4.761904762,9.191,9.9
636-98-3364,Cairo,Mandalay,Member,Female,Electronic Accessories,26.26,3,3.939,82.719,03-02-2019,12:36:00,Ewallet,78.78,4.761904762,3.939,6.3
888-02-0338,Alex,Yangon,Normal,Male,Electronic Accessories,26.23,9,11.8035,247.8735,25-01-2019,20:24:00,Ewallet,236.07,4.761904762,11.8035,5.9
531-80-1784,Alex,Yangon,Normal,Male,Electronic Accessories,26.02,7,9.107,191.247,28-03-2019,17:38:00,Cash,182.14,4.761904762,9.107,5.1
729-09-9681,Alex,Yangon,Member,Male,Home And Lifestyle,25.91,6,7.773,163.233,02-05-2019,10:16:00,Ewallet,155.46,4.761904762,7.773,8.7
875-46-5808,Cairo,Mandalay,Member,Male,Health And Beauty,25.9,10,12.95,271.95,02-06-2019,14:51:00,Ewallet,259,4.761904762,12.95,8.7
696-90-2548,Alex,Yangon,Normal,Male,Sports And Travel,25.84,3,3.876,81.396,03-10-2019,18:55:00,Ewallet,77.52,4.761904762,3.876,6.6
445-30-9252,Alex,Yangon,Normal,Male,Sports And Travel,25.7,3,3.855,80.955,17-01-2019,17:59:00,Ewallet,77.1,4.761904762,3.855,6.1
418-05-0656,Cairo,Mandalay,Normal,Female,Fashion Accessories,25.56,7,8.946,187.866,02-02-2019,20:42:00,Cash,178.92,4.761904762,8.946,7.1
641-43-2399,Cairo,Mandalay,Normal,Male,Home And Lifestyle,25.55,4,5.11,107.31,26-01-2019,20:23:00,Ewallet,102.2,4.761904762,5.11,5.7
529-56-3974,Cairo,Mandalay,Member,Female,Electronic Accessories,25.51,4,5.102,107.142,03-09-2019,17:03:00,Cash,102.04,4.761904762,5.102,6.8
156-20-0370,Cairo,Mandalay,Normal,Female,Electronic Accessories,25.45,1,1.2725,26.7225,03-10-2019,18:10:00,Credit Card,25.45,4.761904762,1.2725,5.1
287-83-1405,Alex,Yangon,Normal,Male,Health And Beauty,25.43,6,7.629,160.209,02-12-2019,19:01:00,Ewallet,152.58,4.761904762,7.629,7
301-81-8610,Cairo,Mandalay,Member,Male,Fashion Accessories,25.42,8,10.168,213.528,19-03-2019,19:42:00,Credit Card,203.36,4.761904762,10.168,6.7
608-04-3797,Cairo,Mandalay,Member,Female,Health And Beauty,25.32,8,10.128,212.688,03-05-2019,20:24:00,Ewallet,202.56,4.761904762,10.128,8.7
825-94-5922,Cairo,Mandalay,Normal,Male,Sports And Travel,25.31,2,2.531,53.151,03-02-2019,19:26:00,Ewallet,50.62,4.761904762,2.531,7.2
856-22-8149,Alex,Yangon,Normal,Female,Home And Lifestyle,25.29,1,1.2645,26.5545,23-03-2019,10:13:00,Ewallet,25.29,4.761904762,1.2645,6.1
102-06-2002,Giza,Naypyitaw,Member,Male,Sports And Travel,25.25,5,6.3125,132.5625,20-03-2019,17:52:00,Cash,126.25,4.761904762,6.3125,6.1
745-71-3520,Alex,Yangon,Member,Female,Electronic Accessories,25.22,7,8.827,185.367,02-04-2019,10:23:00,Cash,176.54,4.761904762,8.827,8.2
568-88-3448,Alex,Yangon,Normal,Male,Health And Beauty,25,1,1.25,26.25,03-03-2019,15:09:00,Ewallet,25,4.761904762,1.25,5.5
540-11-4336,Alex,Yangon,Normal,Male,Food And Beverages,24.94,9,11.223,235.683,01-11-2019,16:49:00,Credit Card,224.46,4.761904762,11.223,5.6
848-62-7243,Alex,Yangon,Member,Female,Health And Beauty,24.89,9,11.2005,235.2105,15-03-2019,15:36:00,Cash,224.01,4.761904762,11.2005,7.4
873-14-6353,Alex,Yangon,Member,Male,Food And Beverages,24.82,7,8.687,182.427,16-02-2019,10:33:00,Credit Card,173.74,4.761904762,8.687,7.1
560-30-5617,Cairo,Mandalay,Normal,Female,Sports And Travel,24.77,5,6.1925,130.0425,24-03-2019,18:27:00,Cash,123.85,4.761904762,6.1925,8.5
740-11-5257,Giza,Naypyitaw,Normal,Male,Electronic Accessories,24.74,10,12.37,259.77,24-02-2019,16:44:00,Cash,247.4,4.761904762,12.37,7.1
285-68-5083,Giza,Naypyitaw,Member,Female,Sports And Travel,24.74,3,3.711,77.931,15-02-2019,17:47:00,Credit Card,74.22,4.761904762,3.711,10
864-24-7918,Alex,Yangon,Member,Female,Sports And Travel,24.49,10,12.245,257.145,22-02-2019,15:15:00,Cash,244.9,4.761904762,12.245,8.1
631-34-1880,Giza,Naypyitaw,Member,Male,Food And Beverages,24.31,3,3.6465,76.5765,01-08-2019,19:09:00,Credit Card,72.93,4.761904762,3.6465,4.3
788-07-8452,Giza,Naypyitaw,Member,Female,Home And Lifestyle,24.24,7,8.484,178.164,27-01-2019,17:38:00,Ewallet,169.68,4.761904762,8.484,9.4
726-29-6793,Alex,Yangon,Member,Male,Electronic Accessories,24.18,8,9.672,203.112,28-01-2019,20:54:00,Ewallet,193.44,4.761904762,9.672,9.8
372-26-1506,Giza,Naypyitaw,Normal,Female,Fashion Accessories,23.82,5,5.955,125.055,28-01-2019,19:24:00,Ewallet,119.1,4.761904762,5.955,5.4
226-71-3580,Giza,Naypyitaw,Normal,Female,Sports And Travel,23.75,9,10.6875,224.4375,31-01-2019,12:02:00,Cash,213.75,4.761904762,10.6875,9.5
290-68-2984,Alex,Yangon,Normal,Male,Home And Lifestyle,23.75,4,4.75,99.75,16-03-2019,11:22:00,Cash,95,4.761904762,4.75,5.2
182-69-8360,Cairo,Mandalay,Normal,Female,Electronic Accessories,23.65,4,4.73,99.33,30-01-2019,13:32:00,Credit Card,94.6,4.761904762,4.73,4
442-48-3607,Alex,Yangon,Member,Male,Food And Beverages,23.48,2,2.348,49.308,14-03-2019,11:21:00,Credit Card,46.96,4.761904762,2.348,7.9
459-50-7686,Alex,Yangon,Normal,Female,Electronic Accessories,23.46,6,7.038,147.798,13-01-2019,19:14:00,Ewallet,140.76,4.761904762,7.038,6.4
434-35-9162,Cairo,Mandalay,Member,Male,Food And Beverages,23.34,4,4.668,98.028,02-04-2019,18:53:00,Ewallet,93.36,4.761904762,4.668,7.4
737-88-5876,Alex,Yangon,Member,Male,Home And Lifestyle,23.29,4,4.658,97.818,19-03-2019,11:52:00,Credit Card,93.16,4.761904762,4.658,5.9
510-79-0415,Cairo,Mandalay,Member,Female,Sports And Travel,23.08,6,6.924,145.404,24-01-2019,19:20:00,Ewallet,138.48,4.761904762,6.924,4.9
551-21-3069,Giza,Naypyitaw,Member,Female,Electronic Accessories,23.07,9,10.3815,218.0115,02-01-2019,11:27:00,Cash,207.63,4.761904762,10.3815,4.9
749-24-1565,Alex,Yangon,Normal,Female,Health And Beauty,23.03,9,10.3635,217.6335,01-03-2019,12:02:00,Ewallet,207.27,4.761904762,10.3635,7.9
751-15-6198,Cairo,Mandalay,Normal,Male,Sports And Travel,23.01,6,6.903,144.963,01-12-2019,16:45:00,Ewallet,138.06,4.761904762,6.903,7.9
556-72-8512,Giza,Naypyitaw,Normal,Male,Home And Lifestyle,22.96,1,1.148,24.108,30-01-2019,20:47:00,Cash,22.96,4.761904762,1.148,4.3
857-67-9057,Cairo,Mandalay,Normal,Male,Electronic Accessories,22.95,10,11.475,240.975,02-06-2019,19:20:00,Ewallet,229.5,4.761904762,11.475,8.2
649-11-3678,Giza,Naypyitaw,Normal,Female,Food And Beverages,22.93,9,10.3185,216.6885,26-02-2019,20:26:00,Cash,206.37,4.761904762,10.3185,5.5
320-32-8842,Giza,Naypyitaw,Member,Female,Food And Beverages,22.62,1,1.131,23.751,17-03-2019,18:58:00,Cash,22.62,4.761904762,1.131,6.4
139-52-2867,Giza,Naypyitaw,Normal,Female,Fashion Accessories,22.51,7,7.8785,165.4485,13-02-2019,10:50:00,Credit Card,157.57,4.761904762,7.8785,4.8
862-29-5914,Giza,Naypyitaw,Normal,Female,Sports And Travel,22.38,1,1.119,23.499,30-01-2019,17:08:00,Credit Card,22.38,4.761904762,1.119,8.6
247-11-2470,Alex,Yangon,Member,Female,Fashion Accessories,22.32,4,4.464,93.744,03-01-2019,16:23:00,Credit Card,89.28,4.761904762,4.464,4.4
210-30-7976,Cairo,Mandalay,Member,Female,Fashion Accessories,22.32,4,4.464,93.744,14-03-2019,11:16:00,Ewallet,89.28,4.761904762,4.464,4.1
447-15-7839,Alex,Yangon,Member,Female,Sports And Travel,22.24,10,11.12,233.52,02-09-2019,11:00:00,Cash,222.4,4.761904762,11.12,4.2
399-69-4630,Giza,Naypyitaw,Normal,Male,Electronic Accessories,22.21,6,6.663,139.923,03-07-2019,10:23:00,Credit Card,133.26,4.761904762,6.663,8.6
175-54-2529,Alex,Yangon,Member,Male,Food And Beverages,22.17,8,8.868,186.228,03-03-2019,17:01:00,Credit Card,177.36,4.761904762,8.868,9.6
868-81-1752,Cairo,Mandalay,Normal,Male,Home And Lifestyle,22.02,9,9.909,208.089,02-07-2019,18:48:00,Cash,198.18,4.761904762,9.909,6.8
744-09-5786,Cairo,Mandalay,Normal,Male,Electronic Accessories,22.01,6,6.603,138.663,01-02-2019,18:50:00,Cash,132.06,4.761904762,6.603,7.6
569-76-2760,Alex,Yangon,Member,Female,Sports And Travel,22.01,4,4.402,92.442,29-01-2019,18:15:00,Credit Card,88.04,4.761904762,4.402,6.6
873-51-0671,Alex,Yangon,Member,Female,Sports And Travel,21.98,7,7.693,161.553,01-10-2019,16:42:00,Ewallet,153.86,4.761904762,7.693,5.1
291-32-1427,Cairo,Mandalay,Member,Female,Fashion Accessories,21.94,5,5.485,115.185,03-05-2019,12:29:00,Ewallet,109.7,4.761904762,5.485,5.3
305-89-2768,Cairo,Mandalay,Member,Female,Home And Lifestyle,21.9,3,3.285,68.985,01-09-2019,18:43:00,Ewallet,65.7,4.761904762,3.285,4.7
569-71-4390,Cairo,Mandalay,Normal,Male,Sports And Travel,21.87,2,2.187,45.927,25-01-2019,14:29:00,Ewallet,43.74,4.761904762,2.187,6.9
526-86-8552,Giza,Naypyitaw,Member,Female,Home And Lifestyle,21.82,10,10.91,229.11,01-07-2019,17:36:00,Cash,218.2,4.761904762,10.91,7.1
629-42-4133,Giza,Naypyitaw,Normal,Male,Health And Beauty,21.8,8,8.72,183.12,19-02-2019,19:24:00,Cash,174.4,4.761904762,8.72,8.3
174-75-0888,Cairo,Mandalay,Normal,Male,Electronic Accessories,21.58,9,9.711,203.931,14-03-2019,12:32:00,Cash,194.22,4.761904762,9.711,7.3
746-19-0921,Giza,Naypyitaw,Normal,Male,Food And Beverages,21.58,1,1.079,22.659,02-09-2019,10:02:00,Ewallet,21.58,4.761904762,1.079,7.2
126-54-1082,Alex,Yangon,Member,Female,Home And Lifestyle,21.54,9,9.693,203.553,01-07-2019,11:44:00,Credit Card,193.86,4.761904762,9.693,8.8
746-54-5508,Alex,Yangon,Normal,Male,Home And Lifestyle,21.52,6,6.456,135.576,17-01-2019,12:48:00,Credit Card,129.12,4.761904762,6.456,9.4
254-31-0042,Alex,Yangon,Member,Male,Electronic Accessories,21.5,9,9.675,203.175,03-06-2019,12:46:00,Credit Card,193.5,4.761904762,9.675,7.8
105-10-6182,Alex,Yangon,Member,Male,Fashion Accessories,21.48,2,2.148,45.108,27-02-2019,12:22:00,Ewallet,42.96,4.761904762,2.148,6.6
544-55-9589,Cairo,Mandalay,Member,Female,Electronic Accessories,21.43,10,10.715,225.015,28-01-2019,11:51:00,Cash,214.3,4.761904762,10.715,6.2
896-34-0956,Alex,Yangon,Normal,Male,Fashion Accessories,21.32,1,1.066,22.386,26-01-2019,12:43:00,Cash,21.32,4.761904762,1.066,5.9
770-42-8960,Cairo,Mandalay,Normal,Male,Food And Beverages,21.12,8,8.448,177.408,01-01-2019,19:31:00,Cash,168.96,4.761904762,8.448,6.3
687-15-1097,Giza,Naypyitaw,Member,Female,Health And Beauty,21.12,2,2.112,44.352,01-03-2019,19:17:00,Cash,42.24,4.761904762,2.112,9.7
428-83-5800,Giza,Naypyitaw,Member,Female,Food And Beverages,21.08,3,3.162,66.402,02-09-2019,10:25:00,Cash,63.24,4.761904762,3.162,7.3
784-08-0310,Giza,Naypyitaw,Member,Female,Food And Beverages,21.04,4,4.208,88.368,13-01-2019,13:58:00,Cash,84.16,4.761904762,4.208,7.6
132-23-6451,Alex,Yangon,Member,Male,Health And Beauty,20.97,5,5.2425,110.0925,01-04-2019,13:21:00,Cash,104.85,4.761904762,5.2425,7.8
324-92-3863,Alex,Yangon,Member,Male,Electronic Accessories,20.89,2,2.089,43.869,02-05-2019,18:45:00,Cash,41.78,4.761904762,2.089,9.8
650-98-6268,Cairo,Mandalay,Member,Female,Food And Beverages,20.87,3,3.1305,65.7405,20-03-2019,13:53:00,Credit Card,62.61,4.761904762,3.1305,8
733-33-4967,Giza,Naypyitaw,Normal,Male,Electronic Accessories,20.85,8,8.34,175.14,03-03-2019,19:17:00,Cash,166.8,4.761904762,8.34,6.3
187-83-5490,Alex,Yangon,Member,Male,Electronic Accessories,20.77,4,4.154,87.234,31-01-2019,13:47:00,Cash,83.08,4.761904762,4.154,4.7
756-01-7507,Giza,Naypyitaw,Member,Female,Health And Beauty,20.38,5,5.095,106.995,22-01-2019,18:56:00,Cash,101.9,4.761904762,5.095,6
173-50-1108,Cairo,Mandalay,Member,Female,Sports And Travel,20.18,4,4.036,84.756,13-02-2019,12:14:00,Credit Card,80.72,4.761904762,4.036,5
727-46-3608,Cairo,Mandalay,Member,Female,Food And Beverages,20.01,9,9.0045,189.0945,02-06-2019,15:47:00,Ewallet,180.09,4.761904762,9.0045,4.1
381-20-0914,Alex,Yangon,Member,Female,Fashion Accessories,20.01,9,9.0045,189.0945,01-12-2019,15:48:00,Credit Card,180.09,4.761904762,9.0045,5.7
414-12-7047,Cairo,Mandalay,Normal,Male,Food And Beverages,19.79,8,7.916,166.236,18-01-2019,12:04:00,Ewallet,158.32,4.761904762,7.916,8.7
191-29-0321,Cairo,Mandalay,Member,Female,Fashion Accessories,19.77,10,9.885,207.585,27-02-2019,18:57:00,Credit Card,197.7,4.761904762,9.885,5
756-49-0168,Alex,Yangon,Member,Male,Fashion Accessories,19.7,1,0.985,20.685,02-08-2019,11:39:00,Ewallet,19.7,4.761904762,0.985,9.5
510-09-5628,Alex,Yangon,Member,Female,Fashion Accessories,19.66,10,9.83,206.43,15-03-2019,18:20:00,Credit Card,196.6,4.761904762,9.83,7.2
706-36-6154,Alex,Yangon,Member,Male,Home And Lifestyle,19.36,9,8.712,182.952,18-01-2019,18:43:00,Ewallet,174.24,4.761904762,8.712,8.7
134-75-2619,Alex,Yangon,Member,Male,Electronic Accessories,19.32,7,6.762,142.002,25-03-2019,18:51:00,Cash,135.24,4.761904762,6.762,6.9
480-63-2856,Giza,Naypyitaw,Member,Female,Food And Beverages,19.25,8,7.7,161.7,23-01-2019,18:37:00,Ewallet,154,4.761904762,7.7,6.6
346-12-3257,Cairo,Mandalay,Member,Male,Electronic Accessories,19.24,9,8.658,181.818,03-04-2019,16:28:00,Cash,173.16,4.761904762,8.658,8
606-80-4905,Giza,Naypyitaw,Member,Female,Sports And Travel,19.15,6,5.745,120.645,29-01-2019,10:01:00,Credit Card,114.9,4.761904762,5.745,6.8
390-80-5128,Cairo,Mandalay,Member,Female,Health And Beauty,19.15,1,0.9575,20.1075,28-01-2019,17:58:00,Credit Card,19.15,4.761904762,0.9575,9.5
301-11-9629,Alex,Yangon,Normal,Female,Sports And Travel,19.1,7,6.685,140.385,15-01-2019,10:43:00,Cash,133.7,4.761904762,6.685,9.7
669-54-1719,Cairo,Mandalay,Member,Female,Electronic Accessories,18.93,6,5.679,119.259,02-10-2019,12:45:00,Credit Card,113.58,4.761904762,5.679,8.1
250-17-5703,Alex,Yangon,Member,Male,Food And Beverages,18.85,10,9.425,197.925,27-02-2019,18:24:00,Ewallet,188.5,4.761904762,9.425,5.6
243-47-2663,Giza,Naypyitaw,Member,Male,Electronic Accessories,18.77,6,5.631,118.251,28-01-2019,16:43:00,Credit Card,112.62,4.761904762,5.631,5.5
382-03-4532,Alex,Yangon,Member,Female,Health And Beauty,18.33,1,0.9165,19.2465,02-02-2019,18:50:00,Cash,18.33,4.761904762,0.9165,4.3
802-43-8934,Alex,Yangon,Normal,Male,Home And Lifestyle,18.28,1,0.914,19.194,22-03-2019,15:05:00,Credit Card,18.28,4.761904762,0.914,8.3
596-42-3999,Cairo,Mandalay,Normal,Male,Food And Beverages,18.22,7,6.377,133.917,03-10-2019,14:04:00,Credit Card,127.54,4.761904762,6.377,6.6
585-03-5943,Cairo,Mandalay,Normal,Male,Health And Beauty,18.11,10,9.055,190.155,13-03-2019,11:46:00,Ewallet,181.1,4.761904762,9.055,5.9
359-90-3665,Cairo,Mandalay,Member,Female,Fashion Accessories,18.08,4,3.616,75.936,14-01-2019,18:03:00,Credit Card,72.32,4.761904762,3.616,9.5
895-66-0685,Cairo,Mandalay,Member,Male,Food And Beverages,18.08,3,2.712,56.952,03-05-2019,19:46:00,Ewallet,54.24,4.761904762,2.712,8
190-14-3147,Cairo,Mandalay,Normal,Female,Health And Beauty,17.97,4,3.594,75.474,23-02-2019,20:43:00,Ewallet,71.88,4.761904762,3.594,6.4
604-70-6476,Alex,Yangon,Member,Male,Fashion Accessories,17.94,5,4.485,94.185,23-01-2019,14:04:00,Ewallet,89.7,4.761904762,4.485,6.8
616-24-2851,Cairo,Mandalay,Member,Female,Fashion Accessories,17.87,4,3.574,75.054,22-03-2019,14:42:00,Ewallet,71.48,4.761904762,3.574,6.5
394-43-4238,Cairo,Mandalay,Member,Male,Home And Lifestyle,17.77,5,4.4425,93.2925,15-02-2019,12:42:00,Credit Card,88.85,4.761904762,4.4425,5.4
559-61-5987,Cairo,Mandalay,Normal,Female,Health And Beauty,17.75,1,0.8875,18.6375,14-01-2019,10:38:00,Cash,17.75,4.761904762,0.8875,8.6
364-33-8584,Cairo,Mandalay,Member,Female,Food And Beverages,17.63,5,4.4075,92.5575,03-08-2019,15:27:00,Cash,88.15,4.761904762,4.4075,8.5
690-01-6631,Cairo,Mandalay,Normal,Male,Fashion Accessories,17.49,10,8.745,183.645,22-02-2019,18:35:00,Ewallet,174.9,4.761904762,8.745,6.6
821-14-9046,Cairo,Mandalay,Member,Female,Fashion Accessories,17.48,6,5.244,110.124,18-01-2019,15:04:00,Credit Card,104.88,4.761904762,5.244,6.1
450-28-2866,Giza,Naypyitaw,Member,Male,Food And Beverages,17.44,5,4.36,91.56,15-01-2019,19:25:00,Cash,87.2,4.761904762,4.36,8.1
807-14-7833,Alex,Yangon,Member,Female,Electronic Accessories,17.42,10,8.71,182.91,22-02-2019,12:30:00,Ewallet,174.2,4.761904762,8.71,7
211-30-9270,Giza,Naypyitaw,Normal,Male,Health And Beauty,17.41,5,4.3525,91.4025,28-01-2019,15:16:00,Credit Card,87.05,4.761904762,4.3525,4.9
842-29-4695,Giza,Naypyitaw,Member,Male,Sports And Travel,17.14,7,5.999,125.979,16-01-2019,12:07:00,Credit Card,119.98,4.761904762,5.999,7.9
549-96-4200,Giza,Naypyitaw,Member,Male,Food And Beverages,17.04,4,3.408,71.568,03-08-2019,20:15:00,Ewallet,68.16,4.761904762,3.408,7
583-41-4548,Giza,Naypyitaw,Normal,Male,Home And Lifestyle,16.67,7,5.8345,122.5245,02-07-2019,11:36:00,Ewallet,116.69,4.761904762,5.8345,7.4
479-26-8945,Cairo,Mandalay,Member,Female,Sports And Travel,16.49,2,1.649,34.629,02-05-2019,11:32:00,Ewallet,32.98,4.761904762,1.649,4.6
214-17-6927,Giza,Naypyitaw,Normal,Female,Food And Beverages,16.48,6,4.944,103.824,02-07-2019,18:23:00,Ewallet,98.88,4.761904762,4.944,9.9
821-07-3596,Giza,Naypyitaw,Normal,Female,Fashion Accessories,16.45,4,3.29,69.09,03-07-2019,14:53:00,Ewallet,65.8,4.761904762,3.29,5.6
181-82-6255,Cairo,Mandalay,Normal,Female,Home And Lifestyle,16.37,6,4.911,103.131,02-08-2019,10:58:00,Cash,98.22,4.761904762,4.911,7
236-27-1144,Giza,Naypyitaw,Normal,Female,Food And Beverages,16.31,9,7.3395,154.1295,26-03-2019,10:31:00,Ewallet,146.79,4.761904762,7.3395,8.4
489-64-4354,Giza,Naypyitaw,Normal,Male,Fashion Accessories,16.28,1,0.814,17.094,03-09-2019,15:36:00,Cash,16.28,4.761904762,0.814,5
242-55-6721,Cairo,Mandalay,Member,Female,Home And Lifestyle,16.16,2,1.616,33.936,03-07-2019,11:49:00,Ewallet,32.32,4.761904762,1.616,6.5
602-80-9671,Giza,Naypyitaw,Member,Female,Home And Lifestyle,15.95,6,4.785,100.485,02-09-2019,17:15:00,Credit Card,95.7,4.761904762,4.785,5.1
877-22-3308,Alex,Yangon,Member,Female,Health And Beauty,15.87,10,7.935,166.635,13-03-2019,16:40:00,Cash,158.7,4.761904762,7.935,5.8
199-75-8169,Alex,Yangon,Member,Female,Sports And Travel,15.81,10,7.905,166.005,03-06-2019,12:27:00,Credit Card,158.1,4.761904762,7.905,8.6
867-47-1948,Giza,Naypyitaw,Normal,Female,Home And Lifestyle,15.8,10,7.9,165.9,01-09-2019,12:07:00,Cash,158,4.761904762,7.9,7.8
605-03-2706,Alex,Yangon,Normal,Female,Health And Beauty,15.8,3,2.37,49.77,25-03-2019,18:02:00,Cash,47.4,4.761904762,2.37,9.5
169-52-4504,Alex,Yangon,Normal,Female,Electronic Accessories,15.69,3,2.3535,49.4235,14-03-2019,14:13:00,Credit Card,47.07,4.761904762,2.3535,5.8
760-27-5490,Giza,Naypyitaw,Normal,Male,Fashion Accessories,15.62,8,6.248,131.208,20-01-2019,20:37:00,Ewallet,124.96,4.761904762,6.248,9.1
423-64-4619,Alex,Yangon,Member,Female,Health And Beauty,15.55,9,6.9975,146.9475,03-07-2019,13:12:00,Cash,139.95,4.761904762,6.9975,5
851-28-6367,Alex,Yangon,Member,Male,Sports And Travel,15.5,10,7.75,162.75,23-03-2019,10:55:00,Ewallet,155,4.761904762,7.75,8
593-08-5916,Alex,Yangon,Normal,Female,Fashion Accessories,15.5,1,0.775,16.275,19-03-2019,15:23:00,Credit Card,15.5,4.761904762,0.775,7.4
859-71-0933,Giza,Naypyitaw,Member,Female,Sports And Travel,15.49,2,1.549,32.529,16-01-2019,15:10:00,Cash,30.98,4.761904762,1.549,6.3
778-71-5554,Giza,Naypyitaw,Member,Female,Fashion Accessories,15.43,1,0.7715,16.2015,25-01-2019,15:46:00,Credit Card,15.43,4.761904762,0.7715,6.1
617-15-4209,Giza,Naypyitaw,Member,Female,Health And Beauty,15.37,2,1.537,32.277,16-03-2019,19:47:00,Cash,30.74,4.761904762,1.537,7.2
490-29-1201,Alex,Yangon,Normal,Female,Sports And Travel,15.34,1,0.767,16.107,01-06-2019,11:09:00,Cash,15.34,4.761904762,0.767,6.5
226-31-3081,Giza,Naypyitaw,Normal,Female,Electronic Accessories,15.28,5,3.82,80.22,03-08-2019,10:29:00,Cash,76.4,4.761904762,3.82,9.6
372-94-8041,Alex,Yangon,Normal,Male,Health And Beauty,15.26,6,4.578,96.138,15-02-2019,18:03:00,Ewallet,91.56,4.761904762,4.578,9.8
396-90-2219,Cairo,Mandalay,Normal,Female,Electronic Accessories,14.96,8,5.984,125.664,23-02-2019,12:29:00,Cash,119.68,4.761904762,5.984,8.6
549-23-9016,Giza,Naypyitaw,Member,Female,Food And Beverages,14.87,2,1.487,31.227,13-02-2019,18:15:00,Credit Card,29.74,4.761904762,1.487,8.9
470-31-3286,Cairo,Mandalay,Normal,Male,Health And Beauty,14.82,3,2.223,46.683,03-01-2019,11:30:00,Credit Card,44.46,4.761904762,2.223,8.7
764-44-8999,Cairo,Mandalay,Normal,Female,Health And Beauty,14.76,2,1.476,30.996,18-02-2019,14:42:00,Ewallet,29.52,4.761904762,1.476,4.3
835-16-0096,Giza,Naypyitaw,Member,Male,Sports And Travel,14.7,5,3.675,77.175,24-03-2019,13:48:00,Ewallet,73.5,4.761904762,3.675,8.5
227-50-3718,Alex,Yangon,Normal,Male,Health And Beauty,14.62,5,3.655,76.755,03-04-2019,12:23:00,Cash,73.1,4.761904762,3.655,4.4
351-62-0822,Cairo,Mandalay,Member,Female,Fashion Accessories,14.48,4,2.896,60.816,02-06-2019,18:07:00,Ewallet,57.92,4.761904762,2.896,4.5
883-17-4236,Giza,Naypyitaw,Normal,Female,Sports And Travel,14.39,2,1.439,30.219,03-02-2019,19:44:00,Credit Card,28.78,4.761904762,1.439,7.2
613-59-9758,Giza,Naypyitaw,Normal,Female,Sports And Travel,14.36,10,7.18,150.78,27-01-2019,14:28:00,Cash,143.6,4.761904762,7.18,5.4
870-76-1733,Alex,Yangon,Member,Female,Food And Beverages,14.23,5,3.5575,74.7075,02-01-2019,10:08:00,Credit Card,71.15,4.761904762,3.5575,4.4
236-86-3015,Giza,Naypyitaw,Member,Male,Home And Lifestyle,13.98,1,0.699,14.679,02-04-2019,13:38:00,Ewallet,13.98,4.761904762,0.699,9.8
268-20-3585,Giza,Naypyitaw,Normal,Female,Health And Beauty,13.85,9,6.2325,130.8825,02-04-2019,12:50:00,Ewallet,124.65,4.761904762,6.2325,6
732-67-5346,Alex,Yangon,Normal,Male,Food And Beverages,13.79,5,3.4475,72.3975,01-11-2019,19:07:00,Credit Card,68.95,4.761904762,3.4475,7.8
226-34-0034,Cairo,Mandalay,Normal,Female,Electronic Accessories,13.78,4,2.756,57.876,01-10-2019,11:10:00,Ewallet,55.12,4.761904762,2.756,9
388-76-2555,Cairo,Mandalay,Normal,Male,Sports And Travel,13.69,6,4.107,86.247,13-02-2019,13:59:00,Cash,82.14,4.761904762,4.107,6.3
760-54-1821,Cairo,Mandalay,Normal,Male,Home And Lifestyle,13.59,9,6.1155,128.4255,15-03-2019,10:26:00,Cash,122.31,4.761904762,6.1155,5.8
400-45-1220,Cairo,Mandalay,Normal,Female,Health And Beauty,13.5,10,6.75,141.75,27-02-2019,11:06:00,Credit Card,135,4.761904762,6.75,4.8
346-84-3103,Cairo,Mandalay,Member,Female,Electronic Accessories,13.22,5,3.305,69.405,03-02-2019,19:26:00,Cash,66.1,4.761904762,3.305,4.3
192-98-7397,Giza,Naypyitaw,Normal,Male,Fashion Accessories,12.78,1,0.639,13.419,01-08-2019,14:11:00,Ewallet,12.78,4.761904762,0.639,9.5
840-76-5966,Alex,Yangon,Member,Male,Sports And Travel,12.76,2,1.276,26.796,01-08-2019,18:06:00,Ewallet,25.52,4.761904762,1.276,7.8
838-02-1821,Giza,Naypyitaw,Member,Female,Home And Lifestyle,12.73,2,1.273,26.733,22-02-2019,12:10:00,Credit Card,25.46,4.761904762,1.273,5.2
279-62-1445,Giza,Naypyitaw,Member,Female,Fashion Accessories,12.54,1,0.627,13.167,21-02-2019,12:38:00,Cash,12.54,4.761904762,0.627,8.2
871-39-9221,Giza,Naypyitaw,Member,Female,Electronic Accessories,12.45,6,3.735,78.435,02-09-2019,13:11:00,Cash,74.7,4.761904762,3.735,4.1
586-25-0848,Alex,Yangon,Normal,Female,Sports And Travel,12.34,7,4.319,90.699,03-04-2019,11:19:00,Credit Card,86.38,4.761904762,4.319,6.7
487-79-6868,Cairo,Mandalay,Member,Female,Home And Lifestyle,12.29,9,5.5305,116.1405,26-03-2019,19:28:00,Credit Card,110.61,4.761904762,5.5305,8
137-74-8729,Giza,Naypyitaw,Normal,Female,Fashion Accessories,12.19,8,4.876,102.396,13-03-2019,12:47:00,Ewallet,97.52,4.761904762,4.876,6.8
148-82-2527,Giza,Naypyitaw,Member,Female,Home And Lifestyle,12.12,10,6.06,127.26,03-05-2019,13:44:00,Credit Card,121.2,4.761904762,6.06,8.4
761-49-0439,Cairo,Mandalay,Member,Female,Electronic Accessories,12.1,8,4.84,101.64,19-01-2019,10:17:00,Ewallet,96.8,4.761904762,4.84,8.6
308-39-1707,Alex,Yangon,Normal,Female,Fashion Accessories,12.09,1,0.6045,12.6945,26-01-2019,18:19:00,Credit Card,12.09,4.761904762,0.6045,8.2
273-84-2164,Giza,Naypyitaw,Member,Male,Electronic Accessories,12.05,5,3.0125,63.2625,16-02-2019,15:53:00,Ewallet,60.25,4.761904762,3.0125,5.5
633-91-1052,Alex,Yangon,Normal,Female,Home And Lifestyle,12.03,2,1.203,25.263,27-01-2019,15:51:00,Cash,24.06,4.761904762,1.203,5.1
482-17-1179,Alex,Yangon,Member,Male,Electronic Accessories,11.94,3,1.791,37.611,19-01-2019,12:47:00,Credit Card,35.82,4.761904762,1.791,8.1
343-75-9322,Cairo,Mandalay,Member,Female,Sports And Travel,11.85,8,4.74,99.54,01-09-2019,16:34:00,Cash,94.8,4.761904762,4.74,4.1
389-25-3394,Giza,Naypyitaw,Normal,Male,Electronic Accessories,11.81,5,2.9525,62.0025,17-02-2019,18:06:00,Cash,59.05,4.761904762,2.9525,9.4
865-41-9075,Alex,Yangon,Normal,Male,Food And Beverages,11.53,7,4.0355,84.7455,28-01-2019,17:35:00,Cash,80.71,4.761904762,4.0355,8.1
886-54-6089,Alex,Yangon,Normal,Female,Home And Lifestyle,11.43,6,3.429,72.009,15-01-2019,17:24:00,Cash,68.58,4.761904762,3.429,7.7
152-03-4217,Cairo,Mandalay,Normal,Female,Home And Lifestyle,11.28,9,5.076,106.596,17-03-2019,11:55:00,Credit Card,101.52,4.761904762,5.076,4.3
790-38-4466,Giza,Naypyitaw,Normal,Female,Health And Beauty,10.99,5,2.7475,57.6975,23-01-2019,10:18:00,Credit Card,54.95,4.761904762,2.7475,9.3
642-32-2990,Alex,Yangon,Member,Female,Food And Beverages,10.96,10,5.48,115.08,02-02-2019,20:48:00,Ewallet,109.6,4.761904762,5.48,6
565-91-4567,Cairo,Mandalay,Normal,Male,Health And Beauty,10.75,8,4.3,90.3,15-03-2019,14:38:00,Ewallet,86,4.761904762,4.3,6.2
587-73-4862,Alex,Yangon,Member,Female,Health And Beauty,10.69,5,2.6725,56.1225,26-03-2019,11:07:00,Ewallet,53.45,4.761904762,2.6725,7.6
545-46-3100,Cairo,Mandalay,Member,Female,Electronic Accessories,10.59,3,1.5885,33.3585,03-12-2019,13:52:00,Credit Card,31.77,4.761904762,1.5885,8.7
237-44-6163,Alex,Yangon,Normal,Male,Electronic Accessories,10.56,8,4.224,88.704,24-01-2019,17:43:00,Cash,84.48,4.761904762,4.224,7.6
664-14-2882,Giza,Naypyitaw,Member,Female,Home And Lifestyle,10.53,5,2.6325,55.2825,30-01-2019,14:43:00,Credit Card,52.65,4.761904762,2.6325,5.8
115-38-7388,Giza,Naypyitaw,Member,Female,Fashion Accessories,10.18,8,4.072,85.512,30-03-2019,12:51:00,Credit Card,81.44,4.761904762,4.072,9.5
784-21-9238,Giza,Naypyitaw,Member,Male,Sports And Travel,10.17,1,0.5085,10.6785,02-07-2019,14:15:00,Cash,10.17,4.761904762,0.5085,5.9
516-77-6464,Giza,Naypyitaw,Member,Female,Health And Beauty,10.16,5,2.54,53.34,24-02-2019,13:08:00,Ewallet,50.8,4.761904762,2.54,4.1
239-48-4278,Alex,Yangon,Member,Male,Food And Beverages,10.13,7,3.5455,74.4555,03-10-2019,19:35:00,Ewallet,70.91,4.761904762,3.5455,8.3
333-23-2632,Alex,Yangon,Member,Male,Health And Beauty,10.08,7,3.528,74.088,28-03-2019,20:14:00,Cash,70.56,4.761904762,3.528,4.2
